Electoral district number,Electoral district name,Liberal Name,Liberal Votes,Liberal Vote %,Conservative Name,Conservative Votes,Conservative Vote %,NDP Name,NDP Votes,NDP Vote %,Green Name,Green Votes,Green Vote %,Bloc Name,Bloc Votes,Bloc Vote %,Winner Name,Winner Party
59001,Abbotsford--South Langley,Kevin Gillies,18969,33.9,Sukhman Gill,24116,43.1,Dharmasena Yakandawela,2104,3.8,Melissa Snazell,577,1,N/A,N/A,N/A,Sukhman Gill,Conservative
24001,Abitibi--Baie-James--Nunavik--Eeyou,Mandy Gull-Masty,12578,41.2,Steve Corriveau,6850,22.4,Thai Dillon Higashihara,752,2.5,N/A,N/A,N/A,Sylvie Bérubé,10381,34,Mandy Gull-Masty,Liberal
24002,Abitibi--Témiscamingue,Jonathan Andresen,13551,27,Steve Tardif,9861,19.7,Jérémie Juneau,1480,3,N/A,N/A,N/A,Sébastien Lemire,24774,49.4,Sébastien Lemire,Bloc
12001,Acadie--Annapolis,Ronnie LeBlanc,22491,46.6,Chris d'Entremont,23024,47.7,Ingrid Deon,1768,3.7,Matthew Piggott,583,1.2,N/A,N/A,N/A,Chris d'Entremont,Conservative
13001,Acadie--Bathurst,Serge Cormier,32556,67.5,James Brown,12541,26,Ty Boulay,2108,4.4,N/A,N/A,N/A,N/A,N/A,N/A,Serge Cormier,Liberal
24003,Ahuntsic-Cartierville,Mélanie Joly,30833,61,Margie Ramos,7600,15,Idil Issa,3333,6.6,N/A,N/A,N/A,Nabila Ben Youssef,8538,16.9,Mélanie Joly,Liberal
48001,Airdrie--Cochrane,Sean Secord,16714,23.7,Blake Richards,50252,71.2,Sarah Zagoda,2591,3.7,N/A,N/A,N/A,N/A,N/A,N/A,Blake Richards,Conservative
35001,Ajax,Jennifer McKelvie,36975,56.3,Greg Brady,25658,39.1,Kyle Forster,1762,2.7,Leigh Paulseth,612,0.9,N/A,N/A,N/A,Jennifer McKelvie,Liberal
24004,Alfred-Pellan,Angelo Iacono,32934,54.6,Louis Ialenti,12671,21,Jordan Larochelle,2044,3.4,N/A,N/A,N/A,Isabel Dion,12259,20.3,Angelo Iacono,Liberal
35002,Algonquin--Renfrew--Pembroke,Cyndi Mills,25338,37.8,Cheryl Gallant,37333,55.7,Eileen Jones-Whyte,2469,3.7,Danilo Velasquez,618,0.9,N/A,N/A,N/A,Cheryl Gallant,Conservative
24005,Argenteuil--La Petite-Nation,Stéphane Lauzon,28124,47.5,Martin Charron,14697,24.8,Michel Welt,1499,2.5,Bertha Fuchsman-Small,807,1.4,Martin Héroux,13520,22.8,Stéphane Lauzon,Liberal
35003,Aurora--Oak Ridges--Richmond Hill,Leah Taylor Roy,26590,42.8,Costas Menegakis,34023,54.7,Danielle Maniuk,835,1.3,Tom Muench,465,0.7,N/A,N/A,N/A,Costas Menegakis,Conservative
10001,Avalon,Paul Connors,27563,58.6,Steve Kent,16953,36,Judy Vanta,2284,4.9,N/A,N/A,N/A,N/A,N/A,N/A,Paul Connors,Liberal
35004,Barrie South--Innisfil,John Olthuis,25557,38,John Brassard,38943,57.8,Andrew Harrigan,2130,3.2,N/A,N/A,N/A,N/A,N/A,N/A,John Brassard,Conservative
35005,Barrie--Springwater--Oro-Medonte,Rose Zacharias,29150,44.4,Doug Shipley,33949,51.7,Gabriela Trujillo,1559,2.4,Greg Taylor,893,1.4,N/A,N/A,N/A,Doug Shipley,Conservative
48002,Battle River--Crowfoot,Brent Sutton,7566,11.7,Damien Kurek,53684,82.8,James MacKay,2061,3.2,Douglas Gook,474,0.7,N/A,N/A,N/A,Damien Kurek,Conservative
47001,Battlefords--Lloydminster--Meadow Lake,Larry Ingram,7073,18.7,Rosemarie Falk,28634,75.8,William Petryk,1816,4.8,N/A,N/A,N/A,N/A,N/A,N/A,Rosemarie Falk,Conservative
35006,Bay of Quinte,Chris Malette,32846,50.4,Ryan Williams,29130,44.7,Kate Crothers,2373,3.6,Erica Charlton,833,1.3,N/A,N/A,N/A,Chris Malette,Liberal
35007,Beaches--East York,Nate Erskine-Smith,39804,67.7,Jocelyne Poirier,13830,23.5,Shannon Devine,4027,6.9,Jack Pennings,748,1.3,N/A,N/A,N/A,Nate Erskine-Smith,Liberal
24006,Beauce,Maryelle-Henriette Doumbia,12057,19.1,Jason Groleau,37604,59.7,Annabelle Lafond-Poirier,1100,1.7,N/A,N/A,N/A,Gaétan Mathieu,8595,13.6,Jason Groleau,Conservative
24007,Beauharnois--Salaberry--Soulanges--Huntingdon,Miguel Perras,21939,32.1,Priska St-Pierre,13230,19.4,Tyler Jones,1663,2.4,Kristian Solarik,802,1.2,Claude Debellefeuille,30005,43.9,Claude Debellefeuille,Bloc
24008,Beauport--Limoilou,Steeve Lavoie,21858,35.6,Hugo Langlois,18492,30.1,Raymond Côté,2095,3.4,Dalila Elhak,924,1.5,Julie Vignola,17558,28.6,Steeve Lavoie,Liberal
13002,Beauséjour,Dominic LeBlanc,36139,60.6,Nathalie Vautour,19862,33.3,Alex Gagne,1448,2.4,Josh Shaddick,1291,2.2,N/A,N/A,N/A,Dominic LeBlanc,Liberal
24009,Bécancour--Nicolet--Saurel--Alnôbak,Pierre Tousignant,14813,27.3,Michel Plourde,11717,21.6,Tommy Gagnon,1112,2,Yanick Lapierre,738,1.4,Louis Plamondon,25506,47,Louis Plamondon,Bloc
24010,Bellechasse--Les Etchemins--Lévis,Glenn O'Farrell,18642,28.5,Dominique Vien,32097,49.1,Marie-Philippe Gagnon Gauthier,1621,2.5,N/A,N/A,N/A,Gaby Breton,12244,18.7,Dominique Vien,Conservative
24011,Beloeil--Chambly,Nicholas Malouin,23136,34,Sylvain Goulet,9199,13.5,Marie-Josée Béliveau,2391,3.5,N/A,N/A,N/A,Yves-François Blanchet,32844,48.3,Yves-François Blanchet,Bloc
24012,Berthier--Maskinongé,Stéphane Bilodeau,15056,24.3,Peter Saliba,10641,17.2,Ruth Ellen Brosseau,13457,21.7,Daniel Simon,551,0.9,Yves Perron,21676,35,Yves Perron,Bloc
24013,Bourassa,Abdelhaq Sari,21198,58.6,Néhémie Dumay,5905,16.3,Catherine Gauvin,2137,5.9,N/A,N/A,N/A,Jency Mercier,6206,17.1,Abdelhaq Sari,Liberal
48003,Bow River,Bentley Barnes,9562,16.9,David Bexte,44605,78.9,Louisa Gwin,1689,3,N/A,N/A,N/A,N/A,N/A,N/A,David Bexte,Conservative
35008,Bowmanville--Oshawa North,Bridget Girard,32214,45.5,Jamil Jivani,35232,49.8,Elenor Marano,2032,2.9,Julie Dietrich,546,0.8,N/A,N/A,N/A,Jamil Jivani,Conservative
35009,Brampton Centre,Amandeep Sodhi,19716,48.4,Taran Chahal,19105,46.9,Anil Boodhai,1085,2.7,Ray Shaver,469,1.2,N/A,N/A,N/A,Amandeep Sodhi,Liberal
35011,Brampton East,Maninder Sidhu,23616,48.6,Bob Dosanjh Singh,21731,44.7,Haramrit Singh,821,1.7,N/A,N/A,N/A,N/A,N/A,N/A,Maninder Sidhu,Liberal
35012,Brampton North--Caledon,Ruby Sahota,22847,49,Amandeep Judge,22105,47.4,Ruby Zaman,1008,2.2,N/A,N/A,N/A,N/A,N/A,N/A,Ruby Sahota,Liberal
35013,Brampton South,Sonia Sidhu,22001,49.3,Sukhdeep Kang,21193,47.5,Rajni Sharma,777,1.7,N/A,N/A,N/A,N/A,N/A,N/A,Sonia Sidhu,Liberal
35014,Brampton West,Kamal Khera,20194,47.6,Amarjeet Gill,21112,49.8,Zaigham Javed,708,1.7,Sameera Khan,278,0.7,N/A,N/A,N/A,Amarjeet Gill,Conservative
35010,Brampton--Chinguacousy Park,Shafqat Ali,21532,48.8,Tim Iqbal,19591,44.4,Teresa Yeh,1173,2.7,Mike Dancy,521,1.2,N/A,N/A,N/A,Shafqat Ali,Liberal
46001,Brandon--Souris,Ghazanfar Ali Tarar,10766,23.4,Grant Jackson,28624,62.2,Quentin Robinson,6637,14.4,N/A,N/A,N/A,N/A,N/A,N/A,Grant Jackson,Conservative
35015,Brantford--Brant South--Six Nations,Joy O'Donnell,27032,41.1,Larry Brock,34501,52.4,Anne Gajerski-Cauley,2410,3.7,Karleigh Csordas,1110,1.7,N/A,N/A,N/A,Larry Brock,Conservative
24014,Brome--Missisquoi,Louis Villeneuve,34727,48.3,Steve Charbonneau,13743,19.1,Zoé Larose,1600,2.2,Michelle Corcos,1139,1.6,Jeff Boudreault,20182,28,Louis Villeneuve,Liberal
24015,Brossard--Saint-Lambert,Alexandra Mendès,36541,62.2,William Huynh-Jan,11076,18.9,Zeinab Mistou Akkaoui,2049,3.5,Gregory De Luca,855,1.5,Soledad Orihuela-Bouchard,7837,13.3,Alexandra Mendès,Liberal
35016,Bruce--Grey--Owen Sound,Anne Marie Watson,26837,40.1,Alex Ruff,35484,53,Christopher Neudorf,2069,3.1,Natasha Akiwenzie,1447,2.2,N/A,N/A,N/A,Alex Ruff,Conservative
35017,Burlington,Karina Gould,43593,55.8,Emily Brown,31686,40.6,Michael Beauchemin,1549,2,Kyle Hutton,595,0.8,N/A,N/A,N/A,Karina Gould,Liberal
35018,Burlington North--Milton West,Adam Van Koeverden,37155,52.7,Nadeem Akbar,31172,44.3,Naveed Ahmed,1507,2.1,N/A,N/A,N/A,N/A,N/A,N/A,Adam Van Koeverden,Liberal
59002,Burnaby Central,Wade Chang,21745,42.2,James Yan,19889,38.6,Jagmeet Singh,9353,18.2,N/A,N/A,N/A,N/A,N/A,N/A,Wade Chang,Liberal
59003,Burnaby North--Seymour,Terry Beech,37829,59.1,Mauro Francis,21742,33.9,Michael Charrois,4121,6.4,N/A,N/A,N/A,N/A,N/A,N/A,Terry Beech,Liberal
48004,Calgary Centre,Lindsay Luhnau,28824,45.8,Greg McLean,31604,50.2,Beau Shaw,1665,2.6,Jayden Baldonado,362,0.6,N/A,N/A,N/A,Greg McLean,Conservative
48005,Calgary Confederation,Corey Hogan,33112,48.1,Jeremy Nixon,31839,46.3,Keira Gunn,2844,4.1,Richard Willott,400,0.6,N/A,N/A,N/A,Corey Hogan,Liberal
48006,Calgary Crowfoot,Shahnaz Munir,25386,37.4,Pat Kelly,39971,58.8,Jim Samuelson,1741,2.6,Nanette Nerland,346,0.5,N/A,N/A,N/A,Pat Kelly,Conservative
48007,Calgary East,Priti Obhrai-Martin,17062,31.8,Jasraj Hallan,32490,60.5,Jennifer Geha,2092,3.9,Carey Rutherford,664,1.2,N/A,N/A,N/A,Jasraj Hallan,Conservative
48008,Calgary Heritage,Scott Arnott,23673,34.6,Shuv Majumdar,42088,61.4,Becki Zimmerman,1691,2.5,Ravenmoon Crocker,493,0.7,N/A,N/A,N/A,Shuv Majumdar,Conservative
48009,Calgary McKnight,George Chahal,19546,46,Dalwinder Gill,20863,49.1,Arlington Antonio Santiago,1204,2.8,Evelyn Tanaka,273,0.6,N/A,N/A,N/A,Dalwinder Gill,Conservative
48010,Calgary Midnapore,Sunjiv Raval,21979,29.9,Stephanie Kusie,48131,65.5,Austin Mullins,2271,3.1,Adam Delgado,495,0.7,N/A,N/A,N/A,Stephanie Kusie,Conservative
48011,Calgary Nose Hill,Tom Becker,22276,36.2,Michelle Rempel Garner,36597,59.4,Ahmed Khan,1975,3.2,Addison Fach,430,0.7,N/A,N/A,N/A,Michelle Rempel Garner,Conservative
48012,Calgary Shepard,Gul Khan,18421,28.2,Tom Kmiec,44363,68,Tory Tomblin,1780,2.7,Robert Frasch,302,0.5,N/A,N/A,N/A,Tom Kmiec,Conservative
48013,Calgary Signal Hill,Bryndis Whitson,25174,36.4,David GL McKenzie,41638,60.1,Khalis Ahmed,1656,2.4,N/A,N/A,N/A,N/A,N/A,N/A,David GL McKenzie,Conservative
48014,Calgary Skyview,Hafeez Malik,18842,37.6,Amanpreet S. Gill,27808,55.4,Rajesh Angral,1351,2.7,N/A,N/A,N/A,N/A,N/A,N/A,Amanpreet S. Gill,Conservative
35019,Cambridge,Bryan May,30309,46.3,Connie Cody,31766,48.6,José de Lima,2183,3.3,Lux Burgess,1052,1.6,N/A,N/A,N/A,Connie Cody,Conservative
12002,Cape Breton--Canso--Antigonish,Jaime Battiste,24908,51.6,Allan MacMaster,20870,43.2,Joanna Clark,1930,4,N/A,N/A,N/A,N/A,N/A,N/A,Jaime Battiste,Liberal
10002,Cape Spear,Tom Osborne,31388,68.3,Corey Curtis,11844,25.8,Brenda Walsh,2446,5.3,Kaelem Tingate,140,0.3,N/A,N/A,N/A,Tom Osborne,Liberal
11001,Cardigan,Kent MacDonald,14404,57,James Aylward,9442,37.4,Lynne Thiele,505,2,Maria Rodriguez,326,1.3,N/A,N/A,N/A,Kent MacDonald,Liberal
59004,Cariboo--Prince George,Clinton Emslie,19243,30.4,Todd Doherty,38175,60.3,Angie Bonazzo,3900,6.2,Jodie Capling,1155,1.8,N/A,N/A,N/A,Todd Doherty,Conservative
35020,Carleton,Bruce Fanjoy,43846,50.9,Pierre Poilievre,39333,45.7,Beth Prokaska,1221,1.4,Mark Watson,561,0.7,N/A,N/A,N/A,Bruce Fanjoy,Liberal
47002,Carlton Trail--Eagle Creek,Katelyn Zimmer,8008,17,Kelly Block,36427,77.4,Cheryl Loadman,2616,5.6,N/A,N/A,N/A,N/A,N/A,N/A,Kelly Block,Conservative
10003,Central Newfoundland,Lynette Powell,17696,43.5,Clifford Small,21975,54.1,Darian Vincent,965,2.4,N/A,N/A,N/A,N/A,N/A,N/A,Clifford Small,Conservative
12003,Central Nova,Sean Fraser,26078,51.9,Brycen Jenkins,21465,42.7,Jesiah MacDonald,1649,3.3,Gerald Romsa,455,0.9,N/A,N/A,N/A,Sean Fraser,Liberal
24016,Charlesbourg--Haute-Saint-Charles,Louis Bellemare,22597,34.6,Pierre Paul-Hus,27698,42.4,Dominique Harrisson,1752,2.7,N/A,N/A,N/A,Bladimir Laborit Infante,12346,18.9,Pierre Paul-Hus,Conservative
11002,Charlottetown,Sean Casey,13656,64.8,Natalie Jameson,6139,29.1,Joe Byrne,906,4.3,Daniel Cousins,257,1.2,N/A,N/A,N/A,Sean Casey,Liberal
24017,Châteauguay--Les Jardins-de-Napierville,Nathalie Provost,28224,45.2,David De Repentigny,13538,21.7,Hannah Wolker,1377,2.2,Martine Desrochers,773,1.2,Patrick O'Hara,18160,29.1,Nathalie Provost,Liberal
35021,Chatham-Kent--Leamington,Keith Pickard,25978,35.9,Dave Epp,41612,57.5,Seamus McInnis Fleming,2943,4.1,James Plunkett,757,1,N/A,N/A,N/A,Dave Epp,Conservative
24018,Chicoutimi--Le Fjord,Stéphane Proulx,15820,31.1,Richard Martel,17356,34.1,Raphaël Émond,991,1.9,Yves Laporte,476,0.9,Marc St-Hilaire,15857,31.2,Richard Martel,Conservative
59005,Chilliwack--Hope,Zeeshan Khan,23254,35.4,Mark Strahl,36027,54.8,Teri Westerby,4779,7.3,Salina Derish,1083,1.6,N/A,N/A,N/A,Mark Strahl,Conservative
46002,Churchill--Keewatinook Aski,Rebecca Chartrand,9313,45.5,Lachlan De Nardi,4927,24.1,Niki Ashton,5880,28.7,N/A,N/A,N/A,N/A,N/A,N/A,Rebecca Chartrand,Liberal
59006,Cloverdale--Langley City,Kyle Latchford,24828,46.4,Tamara Jansen,25606,47.8,Vanessa Sharma,2350,4.4,Kevin Daniel Wilkie,493,0.9,N/A,N/A,N/A,Tamara Jansen,Conservative
59007,Columbia--Kootenay--Southern Rockies,Reggie Goldsbury,20184,28.2,Rob Morrison,36081,50.4,Kallee Lins,12871,18,Steven Maffioli,1064,1.5,N/A,N/A,N/A,Rob Morrison,Conservative
24019,Compton--Stanstead,Marianne Dandurand,29951,45.6,Jacques Painchaud,14292,21.8,Valérie Laliberté,2124,3.2,Sébastien Tremblay,1161,1.8,Nathalie Bresse,17305,26.4,Marianne Dandurand,Liberal
59008,Coquitlam--Port Coquitlam,Ron McKinnon,27250,47.4,Iain Black,24730,43,Laura Dupont,4253,7.4,Michael Peter Glenister,504,0.9,N/A,N/A,N/A,Ron McKinnon,Liberal
24020,Côte-du-Sud-Rivière-du-Loup-Kataskomiq-Témiscouata,Rémi Massé,19097,30.3,Bernard Généreux,28873,45.8,Iseult L'Heureux Hubert,1072,1.7,Alexie Plourde,682,1.1,Diane Sénécal,12598,20,Bernard Généreux,Conservative
24021,Côte-Nord--Kawawachikamach--Nitassinan,Kevin Coutu,10185,27.4,Mélanie Dorion,9365,25.2,Marika Lalime,640,1.7,N/A,N/A,N/A,Marilène Gill,16243,43.7,Marilène Gill,Bloc
59009,Courtenay--Alberni,Brian Cameron,18078,22.7,Kris McNichol,28028,35.1,Gord Johns,31617,39.6,Chris Markevich,1352,1.7,N/A,N/A,N/A,Gord Johns,NDP
59010,Cowichan--Malahat--Langford,Blair Herbert,21478,28.2,Jeff Kibble,28370,37.2,Alistair MacGregor,24826,32.6,Kathleen Code,1500,2,N/A,N/A,N/A,Jeff Kibble,Conservative
12004,Cumberland--Colchester,Alana Hirtle,23929,48.3,Stephen Ellis,22701,45.8,Larry Duchesne,1873,3.8,Kelly-Ann Callaghan,694,1.4,N/A,N/A,N/A,Alana Hirtle,Liberal
12005,Dartmouth--Cole Harbour,Darren Fisher,40367,67.7,Isabelle Obeid,13557,22.7,Keith Morrison,4201,7,Rana Zaman,628,1.1,N/A,N/A,N/A,Darren Fisher,Liberal
35022,Davenport,Julie Dzerowicz,35364,57.8,Francis Lavoie,14189,23.2,Sandra Sousa,10452,17.1,Lilian Barrera,782,1.3,N/A,N/A,N/A,Julie Dzerowicz,Liberal
59011,Delta,Jill McKnight,32802,51.8,Jessy Sahota,27314,43.2,Jason McCormick,2787,4.4,N/A,N/A,N/A,N/A,N/A,N/A,Jill McKnight,Liberal
47003,Desnethé--Missinippi--Churchill River,Buckley Belanger,5876,65.1,Jim Lemaigre,2301,25.5,Doug Racine,850,9.4,N/A,N/A,N/A,N/A,N/A,N/A,Buckley Belanger,Liberal
35023,Don Valley North,Maggie Chi,25822,53.2,Joe Tay,20546,42.3,Naila Saeed,1191,2.5,Andrew Armstrong,448,0.9,N/A,N/A,N/A,Maggie Chi,Liberal
35024,Don Valley West,Rob Oliphant,36744,62.6,Robert Pierce,19480,33.2,Linnea Löfström-Abary,1382,2.4,Sheena Sharp,616,1.1,N/A,N/A,N/A,Rob Oliphant,Liberal
24022,Dorval--Lachine--LaSalle,Anju Dhillon,29927,59.4,Alioune Sarr,10428,20.7,Angélique Soleil Lavoie,2104,4.2,Amir Badr Eldeen,823,1.6,Pauline Fleur Julie Postel,6338,12.6,Anju Dhillon,Liberal
24023,Drummond,Ghada Jerbi,15998,28.4,François Fréchette,12790,22.7,François Choquette,2607,4.6,N/A,N/A,N/A,Martin Champoux,24071,42.8,Martin Champoux,Bloc
35025,Dufferin--Caledon,Malalai Halimi,24818,35.2,Kyle Seeback,42458,60.1,Viktor Karklins,1380,2,Ifra Baig,927,1.3,N/A,N/A,N/A,Kyle Seeback,Conservative
48015,Edmonton Centre,Eleanor Olszewski,24138,44.3,Sayid Ahmed,20626,37.9,Trisha Estabrooks,8440,15.5,N/A,N/A,N/A,N/A,N/A,N/A,Eleanor Olszewski,Liberal
48016,Edmonton Gateway,Jeremy Hoefsloot,19435,37.3,Tim Uppal,26385,50.6,Madeline Mayes,2565,4.9,N/A,N/A,N/A,N/A,N/A,N/A,Tim Uppal,Conservative
48017,Edmonton Griesbach,Patrick Lennox,8973,18.3,Kerry Diotte,22256,45.5,Blake Desjarlais,16717,34.1,Michael Hunter,302,0.6,N/A,N/A,N/A,Kerry Diotte,Conservative
48018,Edmonton Manning,Blair-Marie Coles,17603,35.3,Ziad Aboultaif,26445,53.1,Lesley Thompson,4935,9.9,N/A,N/A,N/A,N/A,N/A,N/A,Ziad Aboultaif,Conservative
48019,Edmonton Northwest,Lindsey Machona,20907,38.3,Billy Morin,29194,53.4,Omar Abubakar,3597,6.6,Colleen Rice,335,0.6,N/A,N/A,N/A,Billy Morin,Conservative
48020,Edmonton Riverbend,Mark Minenko,27075,44.8,Matt Jeneroux,30343,50.2,Susan Cake,2563,4.2,N/A,N/A,N/A,N/A,N/A,N/A,Matt Jeneroux,Conservative
48021,Edmonton Southeast,Amarjeet Sohi,18481,38.8,Jagsharan Singh Mahal,25206,52.9,Harpreet Grewal,2536,5.3,N/A,N/A,N/A,N/A,N/A,N/A,Jagsharan Singh Mahal,Conservative
48022,Edmonton Strathcona,Ron Thiering,10709,17.9,Miles Berry,19768,33.1,Heather McPherson,28027,47,Atul Deshmukh,366,0.6,N/A,N/A,N/A,Heather McPherson,NDP
48023,Edmonton West,Brad Fournier,23995,40.7,Kelly McCauley,31201,52.9,Sean McQuillan,3164,5.4,N/A,N/A,N/A,N/A,N/A,N/A,Kelly McCauley,Conservative
35026,Eglinton--Lawrence,Vince Gasparro,29949,49.3,Karen Stintz,29061,47.8,Allison Tanzola,996,1.6,Wayne Chechuevskiy,429,0.7,N/A,N/A,N/A,Vince Gasparro,Liberal
11003,Egmont,Bobby Morrissey,12466,51.9,Logan McLellan,10419,43.4,Carol Rybinski,585,2.4,Ranald MacFarlane,538,2.2,N/A,N/A,N/A,Bobby Morrissey,Liberal
35027,Elgin--St. Thomas--London South,David Goodwin,28010,43.1,Andrew Lawton,32565,50.1,Paul Pighin,3118,4.8,N/A,N/A,N/A,N/A,N/A,N/A,Andrew Lawton,Conservative
46003,Elmwood--Transcona,Ian MacIntyre,10512,22.4,Colin Reynolds,19463,41.6,Leila Dance,16138,34.5,Nicolas Geddert,321,0.7,N/A,N/A,N/A,Colin Reynolds,Conservative
59012,Esquimalt--Saanich--Sooke,Stephanie McLean,36181,49.3,Grant Cool,21082,28.7,Maja Tait,13666,18.6,Ben Homer-Dixon,1959,2.7,N/A,N/A,N/A,Stephanie McLean,Liberal
35028,Essex,Chris Sutton,29389,36.7,Chris Lewis,46123,57.5,Lori Wightman,3826,4.8,N/A,N/A,N/A,N/A,N/A,N/A,Chris Lewis,Conservative
35029,Etobicoke Centre,Yvan Baker,36186,53.6,Ted Opitz,29713,44,Ji Won Jung,1611,2.4,N/A,N/A,N/A,N/A,N/A,N/A,Yvan Baker,Liberal
35031,Etobicoke North,John Zerucelli,22270,52.6,Natalie Weed,17359,41,Benjamin Abis,1354,3.2,Sarun Balaranjan,394,0.9,N/A,N/A,N/A,John Zerucelli,Liberal
35030,Etobicoke--Lakeshore,James Maloney,37512,57.4,Bernard Trottier,25348,38.8,Cory Wagar,1665,2.5,N/A,N/A,N/A,N/A,N/A,N/A,James Maloney,Liberal
35032,Flamborough--Glanbrook--Brant North,Chuck Phillips,28915,43.2,Dan Muys,35246,52.7,Peter Werhun,1630,2.4,Anita Payne,594,0.9,N/A,N/A,N/A,Dan Muys,Conservative
59013,Fleetwood--Port Kells,Gurbux Saini,23250,47.9,Sukh Pandher,21439,44.2,Shannon Permal,2885,5.9,Murali Krishnan,460,0.9,N/A,N/A,N/A,Gurbux Saini,Liberal
48024,Foothills,John Bruinsma,13706,19.1,John Barlow,54874,76.3,Kaitte Aurora,1923,2.7,Emma Hoberg,589,0.8,N/A,N/A,N/A,John Barlow,Conservative
48025,Fort McMurray--Cold Lake,Kaitlyn Staines,7193,14.5,Laila Goodridge,39649,80.2,You-Ju Choi,1337,2.7,Brian Deheer,290,0.6,N/A,N/A,N/A,Laila Goodridge,Conservative
13003,Fredericton--Oromocto,David Myles,30750,61.3,Brian Macdonald,16200,32.3,Nicki Lyons-MacFarlane,908,1.8,Pam Allen-Leblanc,1568,3.1,N/A,N/A,N/A,David Myles,Liberal
13004,Fundy Royal,Bill Kudla,19103,40.1,Rob Moore,25411,53.4,Cindy Andrie,1507,3.2,Hans Johnsen,961,2,N/A,N/A,N/A,Rob Moore,Conservative
24024,Gaspésie--Les Îles-de-la-Madeleine--Listuguj,Diane Lebouthillier,21817,38.3,Jean-Pierre Pigeon,7047,12.4,Denise Giroux,1005,1.8,N/A,N/A,N/A,Alexis Deschênes,26091,45.8,Alexis Deschênes,Bloc
24025,Gatineau,Steven MacKinnon,34751,60.5,Kethlande Pierre,10982,19.1,Daniel Simoncic,1615,2.8,N/A,N/A,N/A,Richard Nadeau,9373,16.3,Steven MacKinnon,Liberal
48026,Grande Prairie,Maureen Mcleod,6946,11.8,Chris Warkentin,47904,81.7,Jennifer Villebrun,2460,4.2,N/A,N/A,N/A,N/A,N/A,N/A,Chris Warkentin,Conservative
35033,Guelph,Dominique O'Rourke,36406,54.7,Gurvir Khaira,20470,30.7,Janice Folk-Dawson,2129,3.2,Anne-Marie Zajdlik,6779,10.2,N/A,N/A,N/A,Dominique O'Rourke,Liberal
35034,Haldimand--Norfolk,Colin Walsh,26040,36.4,Leslyn Lewis,41218,57.6,Shannon Horner-Shepherd,2412,3.4,Nathan Hawkins,750,1,N/A,N/A,N/A,Leslyn Lewis,Conservative
35035,Haliburton--Kawartha Lakes,Nell Thomas,29223,38.7,Jamie Schmale,42701,56.6,Alyea Teel,2625,3.5,N/A,N/A,N/A,N/A,N/A,N/A,Jamie Schmale,Conservative
12006,Halifax,Shannon Miedema,32886,63,Mark Boudreau,9939,19.1,Lisa Roberts,8642,16.6,Amethyste Hamel-Gregory,422,0.8,N/A,N/A,N/A,Shannon Miedema,Liberal
12007,Halifax West,Lena Metlege Diab,36200,65.6,Rob Batherson,15020,27.2,Rae Tench,3083,5.6,Ron G. Parker,497,0.9,N/A,N/A,N/A,Lena Metlege Diab,Liberal
35036,Hamilton Centre,Aslam Rana,21388,37.6,Hayden Lawrence,17079,30,Matthew Green,16581,29.1,Sandy Crawley,818,1.4,N/A,N/A,N/A,Aslam Rana,Liberal
35037,Hamilton East--Stoney Creek,Chad Collins,31378,46.5,Ned Kuruc,32857,48.7,Nayla Mithani,2471,3.7,N/A,N/A,N/A,N/A,N/A,N/A,Ned Kuruc,Conservative
35038,Hamilton Mountain,Lisa Hepfner,27302,45.6,Ken Hewitt,24857,41.5,Monique Taylor,7044,11.8,N/A,N/A,N/A,N/A,N/A,N/A,Lisa Hepfner,Liberal
35039,Hamilton West--Ancaster--Dundas,John-Paul Danko,38970,56.1,Erika Alexander,25547,36.8,Roberto Henriquez,3648,5.3,Georgia Beauchemin,829,1.2,N/A,N/A,N/A,John-Paul Danko,Liberal
35040,Hastings--Lennox and Addington--Tyendinaga,Tracey Sweeney Schenk,26745,40.4,Shelby Kramp-Neuman,36005,54.3,Ava Duffy,2351,3.5,Michael Holbrook,803,1.2,N/A,N/A,N/A,Shelby Kramp-Neuman,Conservative
24026,Hochelaga--Rosemont-Est,Marie-Gabrielle Ménard,23601,46.1,Carl Belley,5402,10.6,Julie Girard-Lemay,6671,13,Jacob Pirro,1329,2.6,Rose Lessard,13902,27.2,Marie-Gabrielle Ménard,Liberal
24027,Honoré-Mercier,Eric St-Pierre,29947,60.2,Ingrid Fernanda Megni,10692,21.5,Djaouida Sellah,1787,3.6,Gaëtan Bérard,568,1.1,Edline Henri,6435,12.9,Eric St-Pierre,Liberal
24028,Hull--Aylmer,Greg Fergus,31978,62.1,Jill Declare,8727,16.9,Pascale Matecki,2855,5.5,Frédéric Morin-Paquette,1130,2.2,Alice Grondin,6248,12.1,Greg Fergus,Liberal
35041,Humber River--Black Creek,Judy Sgro,21357,55.6,Bijay Paudel,13745,35.8,Matias de Dovitiis,2449,6.4,N/A,N/A,N/A,N/A,N/A,N/A,Judy Sgro,Liberal
35042,Huron--Bruce,James Rice,28936,41.5,Ben Lobb,37027,53.2,Melanie Burrett,2300,3.3,Gregory J McLean,927,1.3,N/A,N/A,N/A,Ben Lobb,Conservative
24029,Joliette--Manawan,Marc Allaire,17890,31.3,Pascal Bapfou Vozang Siewe,8721,15.2,Vanessa Gordon,1408,2.5,Érica Poirier,1014,1.8,Gabriel Ste-Marie,28196,49.3,Gabriel Ste-Marie,Bloc
24030,Jonquière,William Van Tassel,13172,26,Fanny Boulanger,15314,30.2,Lise Garon,932,1.8,Marie-Josée Yelle,448,0.9,Mario Simard,20247,40,Mario Simard,Bloc
59014,Kamloops--Shuswap--Central Rockies,Ken Robertson,26529,39,Mel Arnold,35556,52.2,Phaedra Idzan,3730,5.5,Owen Madden,1639,2.4,N/A,N/A,N/A,Mel Arnold,Conservative
59015,Kamloops--Thompson--Nicola,Iain Currie,24961,40.2,Frank Caputo,32008,51.5,Miguel Godau,3681,5.9,Jenna Lindley,936,1.5,N/A,N/A,N/A,Frank Caputo,Conservative
35043,Kanata,Jenna Sudds,45244,60.8,Greg Kung,26557,35.7,Melissa Simon,1702,2.3,Jennifer Purdy,835,1.1,N/A,N/A,N/A,Jenna Sudds,Liberal
35044,Kapuskasing--Timmins--Mushkegowuk,Steve Black,18366,39,Gaétan Malette,23062,48.9,Nicole Fortier Levesque,4895,10.4,N/A,N/A,N/A,N/A,N/A,N/A,Gaétan Malette,Conservative
59016,Kelowna,Stephen Fuhr,28702,48.8,Tracy Gray,27620,46.9,Trevor McAleese,1941,3.3,Catriona Wright,578,1,N/A,N/A,N/A,Stephen Fuhr,Liberal
35045,Kenora--Kiiwetinoong,Charles Fox,9454,35.2,Eric Melillo,13109,48.7,Tania Cameron,3698,13.8,Jon Hobbs,286,1.1,N/A,N/A,N/A,Eric Melillo,Conservative
46004,Kildonan--St. Paul,Thomas Naaykens,24808,44.7,Raquel Dancho,26364,47.5,Emily Clark,3863,7,N/A,N/A,N/A,N/A,N/A,N/A,Raquel Dancho,Conservative
35047,King--Vaughan,Mubarak Ahmed,24352,35.9,Anna Roberts,41682,61.5,Samantha Sanchez,769,1.1,Ann Raney,576,0.9,N/A,N/A,N/A,Anna Roberts,Conservative
12008,Kings--Hants,Kody Blois,35836,60.6,Joel Hirtle,19773,33.4,Paul Doerr,2154,3.6,Karen Beazley,825,1.4,N/A,N/A,N/A,Kody Blois,Liberal
35046,Kingston and the Islands,Mark Gerretsen,48682,63.2,Bryan Paterson,23592,30.6,Daria Juüdi-Hope,3648,4.7,Fintan Hartnett,1071,1.4,N/A,N/A,N/A,Mark Gerretsen,Liberal
35048,Kitchener Centre,Brian Adeba,17292,29.3,Kelly DeRidder,20234,34.2,Heather Zaleski,1157,2,Mike Morrice,19859,33.6,N/A,N/A,N/A,Kelly DeRidder,Conservative
35050,Kitchener South--Hespeler,Valerie Bradford,27945,46.2,Matt Strauss,28973,47.9,Lorne Bruce,1823,3,Ethan Russell,1208,2,N/A,N/A,N/A,Matt Strauss,Conservative
35049,Kitchener--Conestoga,Tim Louis,30001,48.3,Doug Treleaven,29479,47.5,Maya Bozorgzad,1821,2.9,N/A,N/A,N/A,N/A,N/A,N/A,Tim Louis,Liberal
24031,La Pointe-de-l'Île,Viviane Minko,20051,37.7,Violetta Potapova,6781,12.7,Ghada Chaabi,2279,4.3,Olivier Huard,977,1.8,Mario Beaulieu,22940,43.1,Mario Beaulieu,Bloc
24032,La Prairie--Atateken,Jacques Ramsay,29418,44.1,Dave Pouliot,11505,17.2,Mathieu Boisvert,1588,2.4,Barbara Joannette,657,1,Alain Therrien,23232,34.8,Jacques Ramsay,Liberal
10004,Labrador,Philip Earle,5811,51.5,Ella Wallace,4709,41.7,Marius Normore,764,6.8,N/A,N/A,N/A,N/A,N/A,N/A,Philip Earle,Liberal
24033,Lac-Saint-Jean,Denis Lemieux,12536,26.3,Dave Blackburn,11792,24.7,Hugues Boily-Maltais,819,1.7,N/A,N/A,N/A,Alexis Brunelle-Duceppe,22069,46.2,Alexis Brunelle-Duceppe,Bloc
24034,Lac-Saint-Louis,Francis Scarpaleggia,43446,67.6,Matthew Rusniak,15203,23.7,Gregory Evdokias,1877,2.9,Raymond Frizzell,915,1.4,Tommy Fournier,2330,3.6,Francis Scarpaleggia,Liberal
48027,Lakeland,Barry Milaney,6886,12.2,Shannon Stubbs,45826,81,Des Bissonnette,2153,3.8,Bridget Burns,411,0.7,N/A,N/A,N/A,Shannon Stubbs,Conservative
35051,Lanark--Frontenac,Michelle Foxton,30900,45.6,Scott Reid,34186,50.4,Danielle Rae,1986,2.9,Jesse Pauley,741,1.1,N/A,N/A,N/A,Scott Reid,Conservative
59017,Langley Township--Fraser Heights,John Aldag,28034,42.9,Tako Van Popta,33574,51.4,Holly Isaac,2611,4,Debora Soutar,491,0.8,N/A,N/A,N/A,Tako Van Popta,Conservative
24035,LaSalle--Émard--Verdun,Claude Guay,27439,50.9,Zsolt Fischer,7456,13.8,Craig Sauvé,5587,10.4,Bisma Ansari,1298,2.4,Louis-Philippe Sauvé,11467,21.3,Claude Guay,Liberal
24036,Laurentides--Labelle,Emrick Vienneau,18514,34.9,Daniel Paquette,7900,14.9,Michel Noël De Tilly,1341,2.5,Michel Le Comte,864,1.6,Marie-Hélène Gaudreau,23615,44.6,Marie-Hélène Gaudreau,Bloc
24037,Laurier--Sainte-Marie,Steven Guilbeault,27286,52.1,Mathieu Fournier,4796,9.2,Nimâ Machouf,9856,18.8,Dylan Perceval-Maxwell,1452,2.8,Emmanuel Lapierre,8079,15.4,Steven Guilbeault,Liberal
24038,Laval--Les Îles,Fayçal El-Khoury,28302,49.7,Konstantinos Merakos,18355,32.2,Étienne Loiselle-Schiettekatte,1961,3.4,N/A,N/A,N/A,Catherine Dansereau-Redhead,8298,14.6,Fayçal El-Khoury,Liberal
48028,Leduc--Wetaskiwin,Ronald Brochu,11136,17.4,Mike Lake,47947,74.7,Katherine Swampy,3927,6.1,N/A,N/A,N/A,N/A,N/A,N/A,Mike Lake,Conservative
35052,Leeds--Grenville--Thousand Islands--Rideau Lakes,Lorna Jean Edmonds,29656,44.4,Michael Barrett,33437,50,Paul Lancione,2341,3.5,Randi Ramdeen,781,1.2,N/A,N/A,N/A,Michael Barrett,Conservative
24039,Les Pays-d'en-Haut,Tim Watchorn,26967,41,Vincent Leroux,11816,18,Eric-Abel Baland,1493,2.3,Karine Steinberger,1038,1.6,Ariane Charbonneau,23750,36.1,Tim Watchorn,Liberal
48029,Lethbridge,Chris Spearman,21899,32.7,Rachael Thomas,40866,61.1,Nathan Svoboda,2431,3.6,Amber Murray,457,0.7,N/A,N/A,N/A,Rachael Thomas,Conservative
24040,Lévis--Lotbinière,Ghislain Daigle,20549,29.4,Jacques Gourde,33312,47.7,Molly Cornish,1635,2.3,N/A,N/A,N/A,Pierre Julien,13627,19.5,Jacques Gourde,Conservative
35053,London Centre,Peter Fragiskatos,33999,56.7,Stephen Gallant,18633,31.1,Dirka Prout,5790,9.7,Mary Ann Hodge,878,1.5,N/A,N/A,N/A,Peter Fragiskatos,Liberal
35055,London West,Arielle Kayabaga,35309,56.2,Adam Benni,23239,37,Shinade Allder,3463,5.5,Jeff Vanderzwet,427,0.7,N/A,N/A,N/A,Arielle Kayabaga,Liberal
35054,London--Fanshawe,Najam Naqvi,17863,30.5,Kurt Holman,23749,40.6,Lindsay Mathyssen,16135,27.6,N/A,N/A,N/A,N/A,N/A,N/A,Kurt Holman,Conservative
10005,Long Range Mountains,Don Bradshaw,19726,42.7,Carol Anstey,23232,50.3,Sarah Parsons,2011,4.4,N/A,N/A,N/A,N/A,N/A,N/A,Carol Anstey,Conservative
24041,Longueuil--Charles-LeMoyne,Sherry Romanado,25138,49.4,Terry Roberts,8547,16.8,Marie-Andrée Gravel,2832,5.6,N/A,N/A,N/A,Beritan Oerde,13583,26.7,Sherry Romanado,Liberal
24042,Longueuil--Saint-Hubert,Natilien Joseph,24237,41,Martine Boucher,8447,14.3,Nesrine Benhadj,2986,5,N/A,N/A,N/A,Denis Trudel,23468,39.7,Natilien Joseph,Liberal
24043,Louis-Hébert,Joël Lightbound,33512,55.4,Claude Dussault,12164,20.1,Jean-Paul Lussiaà-Berdou,1540,2.5,N/A,N/A,N/A,Valérie Savard,12897,21.3,Joël Lightbound,Liberal
24044,Louis-Saint-Laurent--Akiawenhrahk,Rhode-Malaure Pierre,21693,33,Gérard Deltell,29525,44.9,Colette Ducharme,1607,2.4,N/A,N/A,N/A,Martin Trudel,12465,18.9,Gérard Deltell,Conservative
13005,Madawaska--Restigouche,Guillaume Deschênes-Thériault,22720,55.2,Michel Morin,16320,39.6,Daisy Petersen,1251,3,N/A,N/A,N/A,N/A,N/A,N/A,Guillaume Deschênes-Thériault,Liberal
11004,Malpeque,Heath MacDonald,15485,57.6,Jamie Fox,9846,36.6,Cassie Mackay,371,1.4,Anna Keenan,1049,3.9,N/A,N/A,N/A,Heath MacDonald,Liberal
24045,Marc-Aurèle-Fortin,Carlos Leitão,29928,52,Janina Moran,11923,20.7,Alexandrah Cardona-Fortin,2128,3.7,N/A,N/A,N/A,Claude Tousignant,13584,23.6,Carlos Leitão,Liberal
35056,Markham--Stouffville,Helena Jaczek,31658,51.4,Niran Jeyanesan,27898,45.3,Serena Cheung,1121,1.8,Myles O'Brien,433,0.7,N/A,N/A,N/A,Helena Jaczek,Liberal
35057,Markham--Thornhill,Tim Hodgson,27504,54.5,Lionel Loganathan,21003,41.6,Aftab Qureshi,1022,2,N/A,N/A,N/A,N/A,N/A,N/A,Tim Hodgson,Liberal
35058,Markham--Unionville,Peter Yuen,25133,47.1,Michael Ma,27055,50.7,Sameer Qureshi,723,1.4,Elvin Kao,503,0.9,N/A,N/A,N/A,Michael Ma,Conservative
48030,Medicine Hat--Cardston--Warner,Tom Rooke,9554,17.7,Glen Motz,41518,76.7,Jocelyn Johnson,2588,4.8,Andy Shadrack,440,0.8,N/A,N/A,N/A,Glen Motz,Conservative
24046,Mégantic--L'Érable--Lotbinière,Charles Mckaig,12594,21.5,Luc Berthold,34470,58.8,Gabriel D'Astous,1066,1.8,N/A,N/A,N/A,Réjean Hurteau,9607,16.4,Luc Berthold,Conservative
35059,Middlesex--London,Kent Keenan,29400,42.1,Lianne Rood,36093,51.7,Taylor McIntosh,2888,4.1,Jim Johnston,698,1,N/A,N/A,N/A,Lianne Rood,Conservative
35060,Milton East--Halton Hills South,Kristina Tesser Derksen,32130,48.3,Parm Gill,32101,48.2,Muhammad Riaz Sahi,1034,1.6,Susan Doyle,671,1,N/A,N/A,N/A,Kristina Tesser Derksen,Liberal
24047,Mirabel,Robert Fleming,18796,33.4,Serge Dubord,12544,22.3,Albert Batten,1333,2.4,Mario Guay,792,1.4,Jean-Denis Garon,22494,39.9,Jean-Denis Garon,Bloc
13006,Miramichi--Grand Lake,Lisa Harris,18037,47.1,Mike Dawson,18421,48.2,Josh Floyd,968,2.5,Matthew Ian Clark,831,2.2,N/A,N/A,N/A,Mike Dawson,Conservative
59018,Mission--Matsqui--Abbotsford,Jeff Howe,21838,36.6,Brad Vis,33791,56.7,Jules Côté,2745,4.6,John Kidder,723,1.2,N/A,N/A,N/A,Brad Vis,Conservative
35061,Mississauga Centre,Fares Al Soud,29605,53.9,Muhammad Ishaq,23010,41.9,Brandon Nguyen,1502,2.7,N/A,N/A,N/A,N/A,N/A,N/A,Fares Al Soud,Liberal
35062,Mississauga East--Cooksville,Peter Fonseca,27138,50.2,Nita Kang,24112,44.6,Khawar Hussain,1508,2.8,N/A,N/A,N/A,N/A,N/A,N/A,Peter Fonseca,Liberal
35063,Mississauga--Erin Mills,Iqra Khalid,33448,55.7,Milad Mikael,24000,40,Ehab Mustapha,1311,2.2,Sulaiman Khan,367,0.6,N/A,N/A,N/A,Iqra Khalid,Liberal
35064,Mississauga--Lakeshore,Charles Sousa,34971,52.4,Tom Ellard,29416,44,Evelyn Butler,1254,1.9,Mary Kidnew,587,0.9,N/A,N/A,N/A,Charles Sousa,Liberal
35065,Mississauga--Malton,Iqwinder Singh Gaheer,26793,53.3,Jaspreet Sandhu,21202,42.2,Inderjeetsingh Ailsinghani,1290,2.6,N/A,N/A,N/A,N/A,N/A,N/A,Iqwinder Singh Gaheer,Liberal
35066,Mississauga--Streetsville,Rechie Valdez,31297,51.5,Sue McFadden,27241,44.9,Bushra Asghar,1388,2.3,Chris Hill,439,0.7,N/A,N/A,N/A,Rechie Valdez,Liberal
13007,Moncton--Dieppe,Ginette Petitpas Taylor,30215,63,Jocelyn Dionne,14974,31.2,Serge Landry,1775,3.7,Marshall Dunn,994,2.1,N/A,N/A,N/A,Ginette Petitpas Taylor,Liberal
24049,Mont-Saint-Bruno--L'Acadie,Bienvenu-Olivier Ntumba,32149,47.1,Nicolas Godin,9335,13.7,Mirabelle Leins,1590,2.3,Maria Korpijaakko,833,1.2,Noémie Rouillard,23947,35.1,Bienvenu-Olivier Ntumba,Liberal
24050,Montcalm,Fatima Badran,15769,26.9,Jean-Sébastien Lepage,13589,23.2,Denis Perreault,1893,3.2,N/A,N/A,N/A,Luc Thériault,27268,46.6,Luc Thériault,Bloc
24051,Montmorency--Charlevoix,Alex Ouellet-Bélanger,17101,28.8,Gabriel Hardy,20494,34.5,Gérard Briand,905,1.5,Élie Prud'Homme-Tessier,580,1,Caroline Desbiens,19970,33.6,Gabriel Hardy,Conservative
47004,Moose Jaw--Lake Centre--Lanigan,Tabitha Mukamusoni,7661,16.7,Fraser Tolmie,32991,71.9,Britt Baumann,3458,7.5,Mike Gardiner,411,0.9,N/A,N/A,N/A,Fraser Tolmie,Conservative
24048,Mount Royal,Anthony Housefather,25544,51.1,Neil Oberman,20244,40.5,Adam Frank,2353,4.7,N/A,N/A,N/A,Yegor Komarov,1671,3.3,Anthony Housefather,Liberal
59019,Nanaimo--Ladysmith,Michelle Corfield,20656,27.8,Tamara Kronis,26381,35.5,Lisa Marie Barron,13586,18.3,Paul Manly,13485,18.1,N/A,N/A,N/A,Tamara Kronis,Conservative
35067,Nepean,Mark Carney,46073,63.8,Barbara Bal,24017,33.2,Shyam Shukla,1424,2,Greg Hopkins,462,0.6,N/A,N/A,N/A,Mark Carney,Liberal
35069,New Tecumseth--Gwillimbury,Mike Hanrahan,24444,37,Scot Davidson,39247,59.4,Nancy Morrison,1226,1.9,Callum McKinnon,712,1.1,N/A,N/A,N/A,Scot Davidson,Conservative
59020,New Westminster--Burnaby--Maillardville,Jake Sawatzky,19547,35.1,Indy Panchi,17507,31.4,Peter Julian,17574,31.5,Tara Shushtarian,690,1.2,N/A,N/A,N/A,Jake Sawatzky,Liberal
35068,Newmarket--Aurora,Jennifer McLachlan,29299,47,Sandra Cobena,31540,50.6,Anna Gollen,1473,2.4,N/A,N/A,N/A,N/A,N/A,N/A,Sandra Cobena,Conservative
35070,Niagara Falls--Niagara-on-the-Lake,Andrea Kaiser,27199,44.9,Tony Baldinelli,29774,49.1,Shannon Mitchell,2335,3.9,Celia Taylor,518,0.9,N/A,N/A,N/A,Tony Baldinelli,Conservative
35071,Niagara South,Vance Badawey,33708,43.9,Fred Davies,36702,47.8,Chantal McCollum,4307,5.6,Natashia Bergen,683,0.9,N/A,N/A,N/A,Fred Davies,Conservative
35072,Niagara West,Jennifer Korstanje,30424,43.2,Dean Allison,36418,51.7,Justin Abando,2262,3.2,N/A,N/A,N/A,N/A,N/A,N/A,Dean Allison,Conservative
35073,Nipissing--Timiskaming,Pauline Rochefort,27674,47.2,Garry Keller,26121,44.6,Valerie Kennedy,3548,6.1,Louise Poitras,585,1,N/A,N/A,N/A,Pauline Rochefort,Liberal
59021,North Island--Powell River,Jennifer Lash,21218,26.2,Aaron Gunn,31356,38.7,Tanille Johnston,26357,32.6,Jessica Wegg,1505,1.9,N/A,N/A,N/A,Aaron Gunn,Conservative
59022,North Vancouver--Capilano,Jonathan Wilkinson,37907,59.8,Stephen Curran,21339,33.7,Tammy Bentz,2684,4.2,Andrew Robinson,1076,1.7,N/A,N/A,N/A,Jonathan Wilkinson,Liberal
35074,Northumberland--Clarke,John Goheen,32648,45.9,Philip Lawrence,34862,49,Ava Becker,2090,2.9,Christina Marie Wilson,630,0.9,N/A,N/A,N/A,Philip Lawrence,Conservative
61001,Northwest Territories,Rebecca Alty,8855,53.5,Kimberly Fairman,5513,33.3,Kelvin Kotchilea,2011,12.2,Rainbow Eyes,170,1,N/A,N/A,N/A,Rebecca Alty,Liberal
24052,Notre-Dame-de-Grâce--Westmount,Anna Gainey,34226,64,Neil Drabkin,10517,19.7,Malcolm Lewis-Richmond,3956,7.4,Arnold Downey,1331,2.5,Félix-Antoine Brault,2652,5,Anna Gainey,Liberal
35075,Oakville East,Anita Anand,31128,51.1,Ron Chhinzer,27301,44.8,Hailey Ford,1698,2.8,Bruno Sousa,351,0.6,N/A,N/A,N/A,Anita Anand,Liberal
35076,Oakville West,Sima Acan,31872,53.1,Tim Crowder,26668,44.4,Diane Downey,831,1.4,Chris Kowalchuk,363,0.6,N/A,N/A,N/A,Sima Acan,Liberal
59023,Okanagan Lake West--South Kelowna,Juliette Sicotte,28827,44.2,Dan Albas,33219,50.9,Harpreet Badohal,2189,3.4,Louise Lecouffe,602,0.9,N/A,N/A,N/A,Dan Albas,Conservative
35077,Orléans,Marie-France Lalonde,53146,67.4,Steve Mansour,22072,28,Oulai B. Goué,2063,2.6,Jaycob Jacques,652,0.8,N/A,N/A,N/A,Marie-France Lalonde,Liberal
35078,Oshawa,Isaac Ransom,28653,43,Rhonda Kirkland,32131,48.2,Sara Labelle,5112,7.7,Katherine Mathewson,804,1.2,N/A,N/A,N/A,Rhonda Kirkland,Conservative
35079,Ottawa Centre,Yasir Naqvi,51026,62.7,Paul D'Orsonnens,12692,15.6,Joel Harden,15935,19.6,Amanda Rosenstock,916,1.1,N/A,N/A,N/A,Yasir Naqvi,Liberal
35080,Ottawa South,David McGuinty,43388,65.2,Blair Turner,18010,27.1,Hena Masjedee,4017,6,Nira Dookeran,642,1,N/A,N/A,N/A,David McGuinty,Liberal
35082,Ottawa West--Nepean,Anita Vandenbeld,43555,63.6,Ryan Telford,18517,27.1,Josh Bizjak,4847,7.1,Prashanta Dhakal,780,1.1,N/A,N/A,N/A,Anita Vandenbeld,Liberal
35081,Ottawa--Vanier--Gloucester,Mona Fortier,45934,67.4,Dean Wythe,14633,21.5,Tristan Oliff,5164,7.6,Christian Proulx,1345,2,N/A,N/A,N/A,Mona Fortier,Liberal
24053,Outremont,Rachel Bendayan,26024,55.2,Ronan Reich,5911,12.5,Ève Péclet,5024,10.7,Jonathan Pedneault,4539,9.6,Rémi Lebeuf,5644,12,Rachel Bendayan,Liberal
35083,Oxford,David Hilderley,27311,38.2,Arpan Khanna,38191,53.4,Matthew Chambers,3046,4.3,Cheryle Baker,897,1.3,N/A,N/A,N/A,Arpan Khanna,Conservative
24054,Papineau,Marjorie Michel,24700,53,Julio Rivera,4927,10.6,Niall Ricardo,7606,16.3,N/A,N/A,N/A,Sophy Forget Bélec,7726,16.6,Marjorie Michel,Liberal
48031,Parkland,Ashley Fearnall,12690,17.8,Dane Lloyd,53468,75.2,Keri Goad,2949,4.1,Daniel Birrell,449,0.6,N/A,N/A,N/A,Dane Lloyd,Conservative
35084,Parry Sound--Muskoka,Geordie Sabbagh,27563,42.6,Scott Aitchison,33742,52.2,Heather Hay,2300,3.6,N/A,N/A,N/A,N/A,N/A,N/A,Scott Aitchison,Conservative
48032,Peace River--Westlock,Luke Markowski,6278,11.8,Arnold Viersen,41130,77.1,Landen Tischer,2913,5.5,N/A,N/A,N/A,N/A,N/A,N/A,Arnold Viersen,Conservative
35085,Perth--Wellington,David Mackey,26142,40.8,John Nater,33972,53,Kevin Kruchkywich,2909,4.5,N/A,N/A,N/A,N/A,N/A,N/A,John Nater,Conservative
35086,Peterborough,Emma Harrison,42890,54.3,Michelle Ferreri,32446,41,Heather Ray,2406,3,Jazmine Raine,655,0.8,N/A,N/A,N/A,Emma Harrison,Liberal
35087,Pickering--Brooklin,Juanita Nathan,38578,54.2,Alicia Vianga,29320,41.2,Jamie Nye,1838,2.6,Andrea Wood,535,0.8,N/A,N/A,N/A,Juanita Nathan,Liberal
24055,Pierre-Boucher--Les Patriotes--Verchères,Laurent de Casanove,24217,38.8,Vincent Kunda,7375,11.8,Jean-François Filion,1541,2.5,N/A,N/A,N/A,Xavier Barsalou-Duval,28765,46.1,Xavier Barsalou-Duval,Bloc
24056,Pierrefonds--Dollard,Sameer Zuberi,34326,60.1,Tanya Toledano,17453,30.5,Kakou Richard Kouassi,1613,2.8,N/A,N/A,N/A,Katrina Archambault,3097,5.4,Sameer Zuberi,Liberal
59024,Pitt Meadows--Maple Ridge,Angie Rowell,30728,45.6,Marc Dalton,31924,47.4,Daniel Heydenrych,4141,6.2,N/A,N/A,N/A,N/A,N/A,N/A,Marc Dalton,Conservative
48033,Ponoka--Didsbury,N/A,N/A,N/A,Blaine Calkins,56106,81.8,Logan Hooley,7414,10.8,N/A,N/A,N/A,N/A,N/A,N/A,Blaine Calkins,Conservative
24057,Pontiac--Kitigan Zibi,Sophie Chatel,32088,54.6,Brian Nolan,16221,27.6,Gilbert W. Whiteduck,2971,5.1,Claude Bertrand,749,1.3,Suzanne Proulx,6071,10.3,Sophie Chatel,Liberal
59025,Port Moody--Coquitlam,Zoe Royer,27074,43.5,Paul Lambert,25126,40.4,Bonita Zarrillo,9360,15,Nash Milani,519,0.8,N/A,N/A,N/A,Zoe Royer,Liberal
46005,Portage--Lisgar,Robert Kreis,10493,22.8,Branden Leslie,31889,69.4,Lisa Tessier,2011,4.4,Janine G. Gibson,595,1.3,N/A,N/A,N/A,Branden Leslie,Conservative
24058,Portneuf--Jacques-Cartier,Antonin Leroux,18865,29,Joël Godin,32184,49.6,Félix Couture,1034,1.6,Johann Queffelec,728,1.1,Christian Hébert,11606,17.9,Joël Godin,Conservative
35088,Prescott--Russell--Cumberland,Giovanna Mingarelli,39110,54.8,Julie Séguin,28805,40.3,Ryder Finlay,1730,2.4,Thaila Riden,787,1.1,N/A,N/A,N/A,Giovanna Mingarelli,Liberal
47005,Prince Albert,Christopher Hadubiak,7451,19.2,Randy Hoback,27763,71.5,Virginia Kutzan,3630,9.3,N/A,N/A,N/A,N/A,N/A,N/A,Randy Hoback,Conservative
59026,Prince George--Peace River--Northern Rockies,Peter Njenga,11545,19.6,Bob Zimmer,41956,71.1,Cory Grizz Longley,3542,6,Mary Forbes,1259,2.1,N/A,N/A,N/A,Bob Zimmer,Conservative
46006,Provencher,Trevor Kirczenow,13394,25.9,Ted Falk,34364,66.3,Brandy Schmidt,2398,4.6,Blair Mahaffy,705,1.4,N/A,N/A,N/A,Ted Falk,Conservative
24059,Québec Centre,Jean-Yves Duclos,27880,49.5,N/A,N/A,N/A,Tommy Bureau,4400,7.8,N/A,N/A,N/A,Simon Bérubé,20203,35.9,Jean-Yves Duclos,Liberal
48034,Red Deer,Ayaz Bangash,13564,21.9,Burton Bailey,44239,71.6,Elias Assefa,2375,3.8,Ashley MacDonald,618,1,N/A,N/A,N/A,Burton Bailey,Conservative
47006,Regina--Lewvan,Mac Hird,18893,43,Warren Steinley,21988,50,Ray Aldinger,2573,5.9,Michael Wright,272,0.6,N/A,N/A,N/A,Warren Steinley,Conservative
47007,Regina--Qu'Appelle,Rahima Mian,11391,27,Andrew Scheer,27024,64,Chris Simmie,3388,8,N/A,N/A,N/A,N/A,N/A,N/A,Andrew Scheer,Conservative
47008,Regina--Wascana,Jeffrey Walters,19252,43.7,Michael Kram,22072,50.1,Kaitlyn Stadnyk,2138,4.9,Kimberly Epp,289,0.7,N/A,N/A,N/A,Michael Kram,Conservative
24060,Repentigny,Pierre Richard Thomas,24419,38.8,Charles Champagne,9583,15.2,Nathalie Gagnon,1722,2.7,N/A,N/A,N/A,Patrick Bonin,26593,42.2,Patrick Bonin,Bloc
59027,Richmond Centre--Marpole,Wilson Miao,21232,44.7,Chak Au,23532,49.6,Martin Li,2109,4.4,Michael Sisler,420,0.9,N/A,N/A,N/A,Chak Au,Conservative
59028,Richmond East--Steveston,Parm Bains,25705,48.4,Zach Segal,24605,46.4,Keefer Pelech,2251,4.2,Steven Ji,494,0.9,N/A,N/A,N/A,Parm Bains,Liberal
35089,Richmond Hill South,Majid Jowhari,26009,44.4,Vincent Ho,30615,52.3,Ebrahim Astaraki,1054,1.8,Alison Lam,495,0.8,N/A,N/A,N/A,Vincent Ho,Conservative
24061,Richmond--Arthabaska,Alain Saint-Pierre,20629,33,Eric Lefebvre,22206,35.5,Nataël Bureau,1248,2,N/A,N/A,N/A,Daniel Lebel,17095,27.3,Eric Lefebvre,Conservative
46007,Riding Mountain,Terry Hayward,9281,22.2,Dan Mazier,28409,67.8,Andrew Douglas Maxwell,3072,7.3,Liz Clayton,547,1.3,N/A,N/A,N/A,Dan Mazier,Conservative
24062,Rimouski--La Matapédia,Alexander Reford,19201,35.5,Nancy Joannette,7324,13.6,Salomé Salvain,974,1.8,N/A,N/A,N/A,Maxime Blanchette-Joncas,24947,46.2,Maxime Blanchette-Joncas,Bloc
24063,Rivière-des-Mille-Îles,Linda Lapointe,27326,45.6,Elia Lopez,10398,17.4,Joseph Hakizimana,1270,2.1,Alec Ware,734,1.2,Luc Desilets,19669,32.8,Linda Lapointe,Liberal
24064,Rivière-du-Nord,Mary-Helen Walton,18345,31.6,Patricia Morrissette,12203,21,Christel Marchand,2032,3.5,N/A,N/A,N/A,Rhéal Fortin,25438,43.8,Rhéal Fortin,Bloc
24065,Rosemont--La Petite-Patrie,Jean-Sébastien Vallée,18757,31.6,Laetitia Tchatat,4073,6.9,Alexandre Boulerice,24358,41,Benoît Morham,1368,2.3,Olivier Gignac,10864,18.3,Alexandre Boulerice,NDP
59029,Saanich--Gulf Islands,David Beckham,25409,31.8,Cathie Ounsted,20015,25.1,Colin Plant,3163,4,Elizabeth May,31199,39.1,N/A,N/A,N/A,Elizabeth May,Green
12009,Sackville--Bedford--Preston,Braedon Clark,36062,62,Dave Carroll,18860,32.4,Isaac Wilson,2324,4,Andre Anderson,526,0.9,N/A,N/A,N/A,Braedon Clark,Liberal
13008,Saint John--Kennebecasis,Wayne Long,26129,58.1,Melissa Young,16787,37.3,Armand Cormier,1206,2.7,David MacFarquhar,737,1.6,N/A,N/A,N/A,Wayne Long,Liberal
13009,Saint John--St. Croix,Karen Ludwig,20784,41.5,John Williamson,26591,53.1,Andrew Hill,1643,3.3,Gerald Irish,794,1.6,N/A,N/A,N/A,John Williamson,Conservative
24066,Saint-Hyacinthe--Bagot--Acton,Mélanie Bédard,19504,33.6,Gaëtan Deschênes,10431,18,Raymonde Plamondon,1373,2.4,Martin Grenier,800,1.4,Simon-Pierre Savard-Tremblay,25447,43.9,Simon-Pierre Savard-Tremblay,Bloc
24067,Saint-Jean,Patrick Agbokou,21999,34.3,Marie Louis-Seize,10480,16.3,Danielle Dubuc,1650,2.6,Vincent Piette,988,1.5,Christine Normandin,28474,44.3,Christine Normandin,Bloc
24068,Saint-Laurent,Emmanuella Lambropoulos,26021,58.9,Richard Serour,12477,28.2,Ryan Byrne,1985,4.5,Richard Chambers,693,1.6,Marielle Gendron,2523,5.7,Emmanuella Lambropoulos,Liberal
24069,Saint-Léonard--Saint-Michel,Patricia Lattanzio,26833,65.3,Panagiota Koroneos,8457,20.6,Marwan El Attar,2450,6,N/A,N/A,N/A,Laurie Lelacheur,2938,7.2,Patricia Lattanzio,Liberal
24070,Saint-Maurice--Champlain,François-Philippe Champagne,31095,50,Pierre-Augustin Allard,15321,24.6,Nathalie Garceau,1224,2,Marie-Claude Gaudet,704,1.1,Thierry Bilodeau,13190,21.2,François-Philippe Champagne,Liberal
35090,Sarnia--Lambton--Bkejwanong,George Vandenberg,28940,37.9,Marilyn Gladu,40597,53.1,Lo-Anne Chan,4088,5.4,N/A,N/A,N/A,N/A,N/A,N/A,Marilyn Gladu,Conservative
47009,Saskatoon South,Rokhan Sarwar,20107,40.4,Kevin Waugh,24516,49.3,Jacob Gadzella,4515,9.1,Hamish Graham,310,0.6,N/A,N/A,N/A,Kevin Waugh,Conservative
47011,Saskatoon West,Chad Eggerman,10254,27.2,Brad Redekopp,19814,52.7,Rachel Loewen Walker,7187,19.1,Naomi Hunter,376,1,N/A,N/A,N/A,Brad Redekopp,Conservative
47010,Saskatoon--University,Greg Poelzer,19622,41.4,Corey Tochor,23178,48.9,Melissa McGillivray,4035,8.5,Isaiah Hunter,263,0.6,N/A,N/A,N/A,Corey Tochor,Conservative
35091,Sault Ste. Marie--Algoma,Terry Sheehan,30936,47.4,Hugh Stevenson,29208,44.7,Laura Mayer,4327,6.6,Robyn Kiki Eshkibok,541,0.8,N/A,N/A,N/A,Terry Sheehan,Liberal
35093,Scarborough Centre--Don Valley East,Salma Zahid,27557,57.3,Belent Mathew,18307,38.1,Alyson Koa,1565,3.3,N/A,N/A,N/A,N/A,N/A,N/A,Salma Zahid,Liberal
35095,Scarborough North,Shaun Chen,29418,63,Gurmit Sandhu,15487,33.1,Karishma Manji,1827,3.9,N/A,N/A,N/A,N/A,N/A,N/A,Shaun Chen,Liberal
35096,Scarborough Southwest,Bill Blair,33495,61.5,Asm Tarun,16652,30.6,Fatima Shaban,2730,5,Amanda Cain,754,1.4,N/A,N/A,N/A,Bill Blair,Liberal
35092,Scarborough--Agincourt,Jean Yip,27552,54.3,Aris Movsessian,21732,42.8,Dan Lovell,1449,2.9,N/A,N/A,N/A,N/A,N/A,N/A,Jean Yip,Liberal
35094,Scarborough--Guildwood--Rouge Park,Gary Anandasangaree,35295,64,Suchita Jalan,17485,31.7,Kingsley Kwok,1772,3.2,Troy Rife,633,1.1,N/A,N/A,N/A,Gary Anandasangaree,Liberal
35097,Scarborough--Woburn,Michael Coteau,25281,60.4,Reddy Muttukuru,14291,34.1,George Wedge,1466,3.5,Gianne Broughton,499,1.2,N/A,N/A,N/A,Michael Coteau,Liberal
46009,Selkirk--Interlake--Eastman,Rhonda Nichol,16570,30.4,James Bezan,32788,60.2,Josef Estabrooks,3535,6.5,Wayne James,709,1.3,N/A,N/A,N/A,James Bezan,Conservative
24071,Shefford,Felix Dionne,26155,39.3,James Seale,11404,17.1,Patrick Jasmin,1557,2.3,N/A,N/A,N/A,Andréanne Larouche,26726,40.1,Andréanne Larouche,Bloc
24072,Sherbrooke,Élisabeth Brière,31249,51.3,Esteban Méndez-Hord,7983,13.1,Jean-Pierre Fortier,3516,5.8,Kevin McKenna,1383,2.3,Pierre-Étienne Rouillard,16224,26.6,Élisabeth Brière,Liberal
48035,Sherwood Park--Fort Saskatchewan,Tanya Holm,22178,27.2,Garnett Genuis,54131,66.3,Chris Jones,4136,5.1,Randall Emmons,448,0.5,N/A,N/A,N/A,Garnett Genuis,Conservative
35099,Simcoe North,Ryan Rocca,29767,44.7,Adam Chambers,32241,48.4,Melissa Lloyd,2508,3.8,Ray Little,1260,1.9,N/A,N/A,N/A,Adam Chambers,Conservative
35098,Simcoe--Grey,Bren Munro,29455,43.4,Terry Dowdall,35364,52.1,Jasleen Bains,1574,2.3,Allan Kuhn,991,1.5,N/A,N/A,N/A,Terry Dowdall,Conservative
59030,Similkameen--South Okanagan--West Kootenay,Gloria Morgan,25431,37.3,Helena Konanz,30054,44.1,Linda Sankey,11033,16.2,Philip Mansfield,1044,1.5,N/A,N/A,N/A,Helena Konanz,Conservative
59031,Skeena--Bulkley Valley,Inderpal Dhillon,4923,11,Ellis Ross,21202,47.2,Taylor Bachrach,17677,39.3,Adeana Young,528,1.2,N/A,N/A,N/A,Ellis Ross,Conservative
47012,Souris--Moose Mountain,Aziz Mian,4051,9.8,Steven Bonk,34793,84,Sheena Muirhead Koops,1888,4.6,Remi Rheault,235,0.6,N/A,N/A,N/A,Steven Bonk,Conservative
12010,South Shore--St. Margarets,Jessica Fancy-Landry,27831,54.9,Rick Perkins,20864,41.1,N/A,N/A,N/A,Mark Embrett,818,1.6,N/A,N/A,N/A,Jessica Fancy-Landry,Liberal
59032,South Surrey--White Rock,Ernie Klassen,33094,50.5,Kerry-Lynne Findlay,29924,45.7,Jureun Park,1634,2.5,Christine Kinnie,875,1.3,N/A,N/A,N/A,Ernie Klassen,Liberal
35100,Spadina--Harbourfront,Chi Nguyen,31832,60.1,Diana Filipova,16286,30.7,Norm Di Pasquale,4107,7.8,Gordon Rand,448,0.8,N/A,N/A,N/A,Chi Nguyen,Liberal
48036,St. Albert--Sturgeon River,Lucia Stachurski,22977,29.9,Michael Cooper,49216,63.9,Dorothy Anderson,3684,4.8,N/A,N/A,N/A,N/A,N/A,N/A,Michael Cooper,Conservative
46008,St. Boniface--St. Vital,Ginette Lavack,32599,59.8,Shola Agboola,17625,32.3,Thomas Linner,3773,6.9,N/A,N/A,N/A,N/A,N/A,N/A,Ginette Lavack,Liberal
35101,St. Catharines,Chris Bittle,34750,52,Bas Sluijmers,27013,40.4,Karen Orlandi,4021,6,N/A,N/A,N/A,N/A,N/A,N/A,Chris Bittle,Liberal
10006,St. John's East,Joanne Thompson,28681,62.3,David Brazil,11941,25.9,Mary Shortall,5172,11.2,Otis Crandell,159,0.3,N/A,N/A,N/A,Joanne Thompson,Liberal
35102,Stormont--Dundas--Glengarry,Sarah Good,26407,39.8,Eric Duncan,37399,56.3,Mario Leclerc,1653,2.5,Gordon Kubanek,674,1,N/A,N/A,N/A,Eric Duncan,Conservative
35103,Sudbury,Viviane Lapointe,31551,51.9,Ian Symington,23835,39.2,Nadia Verrelli,4680,7.7,N/A,N/A,N/A,N/A,N/A,N/A,Viviane Lapointe,Liberal
35104,Sudbury East--Manitoulin--Nickel Belt,Marc G. Serré,25075,41.6,Jim Belanger,29156,48.3,Andréane Chénier,4822,8,Himal Hossain,465,0.8,N/A,N/A,N/A,Jim Belanger,Conservative
59033,Surrey Centre,Randeep Sarai,19900,48,Rajvir Dhillon,17920,43.2,Dominic Denofrio,2811,6.8,Krishan Khurana,395,1,N/A,N/A,N/A,Randeep Sarai,Liberal
59034,Surrey Newton,Sukh Dhaliwal,20263,49.5,Harjit Singh Gill,18023,44,Raj Singh Toor,2467,6,N/A,N/A,N/A,N/A,N/A,N/A,Sukh Dhaliwal,Liberal
47013,Swift Current--Grasslands--Kindersley,William Caton,4420,11.2,Jeremy Patzer,32292,82,Alex McPhee,2250,5.7,N/A,N/A,N/A,N/A,N/A,N/A,Jeremy Patzer,Conservative
12011,Sydney--Glace Bay,Mike Kelloway,25766,54.6,Anna Manley,17978,38.1,Kimberly Losier,1789,3.8,N/A,N/A,N/A,N/A,N/A,N/A,Mike Kelloway,Liberal
35105,Taiaiako'n--Parkdale--High Park,Karim Bardeesy,36439,55.8,Wladyslaw Lizon,12662,19.4,Bhutila Karpoche,15003,23,Anna Gorka,700,1.1,N/A,N/A,N/A,Karim Bardeesy,Liberal
10007,Terra Nova--The Peninsulas,Anthony Germain,19704,48,Jonathan Rowe,19692,47.9,Liam Ryan,1677,4.1,N/A,N/A,N/A,N/A,N/A,N/A,Anthony Germain,Liberal
24073,Terrebonne,Tatiana Auguste,23352,38.7,Adrienne Charles,10961,18.2,Maxime Beaudoin,1556,2.6,Benjamin Rankin,630,1,Nathalie Sinclair-Desgagné,23351,38.7,Tatiana Auguste,Liberal
24074,Thérèse-De Blainville,Madeleine Chenette,29519,45.8,Julie Bergeron,12019,18.7,Michel Lacroix,1585,2.5,N/A,N/A,N/A,Marie-Noëlle Closson-Duquette,20828,32.3,Madeleine Chenette,Liberal
35106,Thornhill,Liane Kotler,20873,31.2,Melissa Lantsman,44419,66.4,William McCarty,833,1.2,Dominic Piotrowski,353,0.5,N/A,N/A,N/A,Melissa Lantsman,Conservative
35107,Thunder Bay--Rainy River,Marcus Powlowski,21125,48.5,Brendan Hyatt,18685,42.9,Yuk-Sem Won,2954,6.8,Eric Arner,334,0.8,N/A,N/A,N/A,Marcus Powlowski,Liberal
35108,Thunder Bay--Superior North,Patty Hajdu,25134,55.2,Bob Herman,16267,35.7,Joy Wakefield,3235,7.1,John Malcolm Northey,417,0.9,N/A,N/A,N/A,Patty Hajdu,Liberal
13010,Tobique--Mactaquac,Julian Moulton,14226,35.9,Richard Bragdon,23322,58.8,Michael John Winter,812,2,Liam MacDougall,806,2,N/A,N/A,N/A,Richard Bragdon,Conservative
35109,Toronto Centre,Evan Solomon,37907,64.3,Luis Ibarra,12321,20.9,Samantha Green,7358,12.5,Olivia Iheme,664,1.1,N/A,N/A,N/A,Evan Solomon,Liberal
35110,Toronto--Danforth,Julie Dabrusin,39191,66.6,Ashik Hussain,11187,19,Clare Hacksel,7626,13,Silvia Stardust,626,1.1,N/A,N/A,N/A,Julie Dabrusin,Liberal
35111,Toronto--St. Paul's,Leslie Church,44313,61.9,Don Stewart,23700,33.1,Bruce Levy,2496,3.5,Shane Philips,552,0.8,N/A,N/A,N/A,Leslie Church,Liberal
24075,Trois-Rivières,Caroline Desrochers,25147,41,Yves Levesque,16708,27.2,Matthew Sévigny,1437,2.3,David Turcotte,569,0.9,René Villemure,16921,27.6,Caroline Desrochers,Liberal
35112,University--Rosedale,Chrystia Freeland,39847,64,Liz Grade,14624,23.5,Serena Purdy,6168,9.9,Ignacio Mongrell,1066,1.7,N/A,N/A,N/A,Chrystia Freeland,Liberal
59035,Vancouver Centre,Hedy Fry,29855,55.2,Elaine Allan,16368,30.3,Avi Lewis,6807,12.6,Scott MacDonald,757,1.4,N/A,N/A,N/A,Hedy Fry,Liberal
59036,Vancouver East,Mark Wiens,20287,35.5,Lita Cabal,10162,17.8,Jenny Kwan,24945,43.6,Nikida Steel,1099,1.9,N/A,N/A,N/A,Jenny Kwan,NDP
59037,Vancouver Fraserview--South Burnaby,Gregor Robertson,27117,52.3,Avi Nayyar,18500,35.7,Manoj Bhangu,5088,9.8,Alexander Dow,658,1.3,N/A,N/A,N/A,Gregor Robertson,Liberal
59038,Vancouver Granville,Taleeb Noormohamed,37010,62.1,Marie Rogers,17133,28.8,Sukhi Singh Sahota,4489,7.5,Jerry Kroll,945,1.6,N/A,N/A,N/A,Taleeb Noormohamed,Liberal
59039,Vancouver Kingsway,Amy K. Gill,18485,36.6,Ravinder Bhatia,12352,24.5,Don Davies,18788,37.2,Imtiaz Popat,499,1,N/A,N/A,N/A,Don Davies,NDP
59040,Vancouver Quadra,Wade Grant,35384,63.2,Ken Charko,17008,30.4,Alim Fakirani,2391,4.3,Tom Digby,1032,1.8,N/A,N/A,N/A,Wade Grant,Liberal
24076,Vaudreuil,Peter Schiefke,40982,57.9,Thomas Barré,16179,22.8,Kalden Dhatsenpa,1602,2.3,Dave Hamelin-Schuilenburg,957,1.4,Christopher Massé,10571,14.9,Peter Schiefke,Liberal
35113,Vaughan--Woodbridge,Francesco Sorbara,25617,38,Michael Guglielmin,40422,60,Ali Bahman,891,1.3,N/A,N/A,N/A,N/A,N/A,N/A,Michael Guglielmin,Conservative
59041,Vernon--Lake Country--Monashee,Anna Warwick Sears,28769,42.8,Scott Anderson,33850,50.4,Leah Ellen Main,3417,5.1,Blair Visscher,1105,1.6,N/A,N/A,N/A,Scott Anderson,Conservative
59042,Victoria,Will Greaves,41128,54.3,Angus Ross,12870,17,Laurel Collins,18877,24.9,Michael Doherty,2350,3.1,N/A,N/A,N/A,Will Greaves,Liberal
24077,Ville-Marie--Le Sud-Ouest--Île-des-Soeurs,Marc Miller,30905,63.7,Steve Shanahan,9113,18.8,Suzanne Dufresne,2932,6,Nathe Perrone,996,2.1,Kevin Majaducon,4364,9,Marc Miller,Liberal
24078,Vimy,Annie Koutrakis,26531,53.4,Grace Daou,12278,24.7,Cindy Mercer,2342,4.7,N/A,N/A,N/A,Alicia Parenteau-Malakhanian,8526,17.2,Annie Koutrakis,Liberal
35114,Waterloo,Bardish Chagger,37579,59.5,Waseem Botros,20571,32.6,Héline Chow,2617,4.1,Simon Guthrie,1599,2.5,N/A,N/A,N/A,Bardish Chagger,Liberal
35115,Wellington--Halton Hills North,Sean Carscadden,29609,44.4,Michael Chong,33736,50.6,Andrew Bascombe,1346,2,Liam Stiles,1389,2.1,N/A,N/A,N/A,Michael Chong,Conservative
59043,West Vancouver--Sunshine Coast--Sea to Sky Country,Patrick Weiler,38384,59.7,Keith Roy,21181,33,Jäger Rosenberg,2070,3.2,Lauren Greenlaw,2205,3.4,N/A,N/A,N/A,Patrick Weiler,Liberal
35116,Whitby,Ryan Turnbull,35624,52.7,Steve Yamada,29620,43.8,Kevin Goswell,1638,2.4,Andrew Di Lullo,506,0.7,N/A,N/A,N/A,Ryan Turnbull,Liberal
35117,Willowdale,Ali Ehsassi,25488,53.4,James Lin,20977,44,Christy Kheirallah,1224,2.6,N/A,N/A,N/A,N/A,N/A,N/A,Ali Ehsassi,Liberal
35119,Windsor West,Richard Pollock,16986,30.9,Harb Gill,21412,39,Brian Masse,15256,27.8,Louay Ahmad,397,0.7,N/A,N/A,N/A,Harb Gill,Conservative
35118,Windsor--Tecumseh--Lakeshore,Irek Kusmierczyk,31985,45.7,Kathy Borrelli,32062,45.8,Alex Ilijoski,4241,6.1,Roxanne Tellier,470,0.7,N/A,N/A,N/A,Kathy Borrelli,Conservative
46010,Winnipeg Centre,Rahul Walia,12138,35.4,Tom Bambrick,7658,22.3,Leah Gazan,13524,39.4,Gary Gervais,389,1.1,N/A,N/A,N/A,Leah Gazan,NDP
46011,Winnipeg North,Kevin Lamoureux,19792,57.9,Rachel Punzalan,11740,34.4,Adebayo Akinrogunde,2059,6,Angela Brydges,194,0.6,N/A,N/A,N/A,Kevin Lamoureux,Liberal
46012,Winnipeg South,Terry Duguid,27337,59,Janice Morley-Lecomte,16252,35.1,Joanne Bjornson,2114,4.6,Manjit Kaur,231,0.5,N/A,N/A,N/A,Terry Duguid,Liberal
46013,Winnipeg South Centre,Ben Carr,33834,63.6,Royden Brousseau,14748,27.7,Jorge Requena Ramos,3463,6.5,Chris Petriew,450,0.8,N/A,N/A,N/A,Ben Carr,Liberal
46014,Winnipeg West,Doug Eyolfson,30276,54.5,Marty Morantz,22659,40.8,Avery Selby-Lyons,2218,4,Dennis Bayomi,438,0.8,N/A,N/A,N/A,Doug Eyolfson,Liberal
48037,Yellowhead,Michael Fark,17469,25.2,William Stevenson,47863,69.1,Avni Soma,2753,4,N/A,N/A,N/A,N/A,N/A,N/A,William Stevenson,Conservative
35120,York Centre,Ya'ara Saks,20318,42.7,Roman Baber,26110,54.8,Yusuf Ulukanligil,1191,2.5,N/A,N/A,N/A,N/A,N/A,N/A,Roman Baber,Conservative
35122,York South--Weston--Etobicoke,Ahmed Hussen,24663,55.3,Nicolas Pham,17746,39.8,Louise James,2190,4.9,N/A,N/A,N/A,N/A,N/A,N/A,Ahmed Hussen,Liberal
35121,York--Durham,Robert Grossi,28726,39.6,Jacob Mantle,40329,55.6,Justin Graham,1829,2.5,Matt Pearce,797,1.1,N/A,N/A,N/A,Jacob Mantle,Conservative
47014,Yorkton--Melville,Luke Guimond,5338,14.4,Cathay Wagantall,28702,77.5,Michaela Krakowetz,2034,5.5,Valerie Brooks,713,1.9,N/A,N/A,N/A,Cathay Wagantall,Conservative
60001,Yukon,Brendan Hanley,12009,53.1,Ryan Leef,8719,38.5,Katherine McCallum,1434,6.3,Gabrielle Dupont,474,2.1,N/A,N/A,N/A,Brendan Hanley,Liberal
