Number,Riding,Liberal,Conservative,NDP,Green,Bloc,Incumbent,Incumbent Running?,Incumbent Party,Link,,,,,,,,,,,,,
59001,Abbotsford—South Langley,Kevin Gillies,Sukhman Gill,Dharmasena Yakandawela,Melissa Snazell,N/A,Ed Fast,No,Conservative,https://en.wikipedia.org/wiki/Abbotsford%E2%80%94South_Langley,,,,,,,,,,,,,
24001,Abitibi—Baie-James—Nunavik—Eeyou,Mandy Gull-Masty,Steve Corriveau,Thai Dillon Higashihara,N/A,Sylvie Bérubé,Sylvie Bérubé,Yes,Bloc,https://en.wikipedia.org/wiki/Abitibi%E2%80%94Baie-James%E2%80%94Nunavik%E2%80%94Eeyou,,,,,,,,,,,,,
24002,Abitibi—Témiscamingue,Jonathan Andresen,Steve Tardif,Jérémie Juneau,N/A,Sébastien Lemire,Sébastien Lemire,Yes,Bloc,https://en.wikipedia.org/wiki/Abitibi%E2%80%94T%C3%A9miscamingue_(electoral_district),,,,,,,,,,,,,
12001,Acadie—Annapolis,Ronnie LeBlanc,Chris d'Entremont,Ingrid Deon,Matthew Piggott,N/A,Chris d'Entremont,Yes,Conservative,https://en.wikipedia.org/wiki/Acadie%E2%80%94Annapolis,,,,,,,,,,,,,
13001,Acadie—Bathurst,Serge Cormier,James Brown,Ty Boulay,N/A,N/A,Serge Cormier,Yes,Liberal,https://en.wikipedia.org/wiki/Acadie%E2%80%94Bathurst,,,,,,,,,,,,,
24003,Ahuntsic-Cartierville,Mélanie Joly,Margie Ramos,Idil Issa,N/A,Nabila Ben Youssef,Mélanie Joly,Yes,Liberal,https://en.wikipedia.org/wiki/Ahuntsic-Cartierville_(electoral_district),,,,,,,,,,,,,
48001,Airdrie—Cochrane,Sean Secord,Blake Richards,Sarah Zagoda,Deraek Menard,N/A,Blake Richards,Yes,Conservative,https://en.wikipedia.org/wiki/Airdrie%E2%80%94Cochrane_(federal_electoral_district),,,,,,,,,,,,,
35001,Ajax,Jennifer McKelvie,Greg Brady,Kyle Forster,Leigh Paulseth,N/A,Mark Holland,No,Liberal,https://en.wikipedia.org/wiki/Ajax_(federal_electoral_district),,,,,,,,,,,,,
24004,Alfred-Pellan,Angelo Iacono,Louis Ialenti,Jordan Larochelle,N/A,Isabel Dion,Angelo Iacono,Yes,Liberal,https://en.wikipedia.org/wiki/Alfred-Pellan,,,,,,,,,,,,,
35002,Algonquin—Renfrew—Pembroke,Cyndi Mills,Cheryl Gallant,Eileen Jones-Whyte,Danilo Velasquez,N/A,Cheryl Gallant,Yes,Conservative,https://en.wikipedia.org/wiki/Algonquin%E2%80%94Renfrew%E2%80%94Pembroke,,,,,,,,,,,,,
24005,Argenteuil—La Petite-Nation,Stéphane Lauzon,Martin Charron,Michel Welt,Bertha Fuchsmann-Small,Martin Héroux,Stéphane Lauzon,Yes,Liberal,https://en.wikipedia.org/wiki/Argenteuil%E2%80%94La_Petite-Nation,,,,,,,,,,,,,
35003,Aurora—Oak Ridges—Richmond Hill,Leah Taylor Roy,Costas Menegakis,Danielle ManuiK,Tom Muench,N/A,Leah Taylor Roy,Yes,Liberal,https://en.wikipedia.org/wiki/Aurora%E2%80%94Oak_Ridges%E2%80%94Richmond_Hill_(federal_electoral_district),,,,,,,,,,,,,
10001,Avalon,Paul Connors,Steve Kent,Judy Vanta,N/A,N/A,Ken McDonald,No,Liberal,https://en.wikipedia.org/wiki/Avalon_(electoral_district),,,,,,,,,,,,,
35004,Barrie South—Innisfil,John Olthuis,John Brassard,Andrew Harrigan,Stephen Ciesielski,N/A,John Brassard,Yes,Conservative,https://en.wikipedia.org/wiki/Barrie_South%E2%80%94Innisfil,,,,,,,,,,,,,
35005,Barrie—Springwater—Oro-Medonte,Rose Zacharias,Doug Shipley,Gabriela Trujillo,Greg Taylor,N/A,Doug Shipley,Yes,Conservative,https://en.wikipedia.org/wiki/Barrie%E2%80%94Springwater%E2%80%94Oro-Medonte_(federal_electoral_district),,,,,,,,,,,,,
48002,Battle River—Crowfoot,Brent Sutton,Damien Kurek,James MacKay,Douglas Gook,N/A,Damien Kurek,Yes,Conservative,https://en.wikipedia.org/wiki/Battle_River%E2%80%94Crowfoot,,,,,,,,,,,,,
47001,Battlefords—Lloydminster—Meadow Lake,Larry Ingram,Rosemarie Falk,William Petryk,N/A,N/A,Rosemarie Falk,Yes,Conservative,https://en.wikipedia.org/wiki/Battlefords%E2%80%94Lloydminster%E2%80%94Meadow_Lake,,,,,,,,,,,,,
35006,Bay of Quinte,Chris Malette,Ryan Williams,Kate Crothers,Erica Charlton,N/A,Ryan Williams,Yes,Conservative,https://en.wikipedia.org/wiki/Bay_of_Quinte_(federal_electoral_district),,,,,,,,,,,,,
35007,Beaches—East York,Nate Erskine-Smith,Jocelyne Poirier,Shannon Devine,Jack Pennings,N/A,Nathaniel Erskine-Smith,No,Liberal,https://en.wikipedia.org/wiki/Beaches%E2%80%94East_York_(federal_electoral_district),,,,,,,,,,,,,
24006,Beauce,Maryelle-Henriette Doumbia,Jason Groleau,Annabelle Lafond-Poirier,N/A,Gaétan Mathieu,Richard Lehoux,No,Conservative,https://en.wikipedia.org/wiki/Beauce_(electoral_district),,,,,,,,,,,,,
24007,Beauharnois—Salaberry—Soulanges—Huntingdon,Miguel Perras,Priska St-Pierre,Tyler Jones,Kristian Solarki,Claude DeBellefeuille,Claude DeBellefeuille,Yes,Bloc,https://en.wikipedia.org/wiki/Beauharnois%E2%80%94Salaberry%E2%80%94Soulanges%E2%80%94Huntingdon,,,,,,,,,,,,,
24008,Beauport—Limoilou,Steeve Lavoie,Hugo Langlois,Raymond Côté,N/A,Julie Vignola,Julie Vignola,Yes,Bloc,https://en.wikipedia.org/wiki/Beauport%E2%80%94Limoilou,,,,,,,,,,,,,
13002,Beauséjour,Dominic LeBlanc,Nathalie Vautour,Alex Gagné,Josh Shaddick,N/A,Dominic LeBlanc,Yes,Liberal,https://en.wikipedia.org/wiki/Beaus%C3%A9jour_(electoral_district),,,,,,,,,,,,,
24009,Bécancour—Nicolet—Saurel—Alnôbak,Pierre Tousignant,Michel Plourde,Tommy Gagnon,Yanick Lapierre,Louis Plamondon,Louis Plamondon,Yes,Bloc,https://en.wikipedia.org/wiki/B%C3%A9cancour%E2%80%94Nicolet%E2%80%94Saurel%E2%80%94Aln%C3%B4bak,,,,,,,,,,,,,
24010,Bellechasse—Les Etchemins—Lévis,Glenn O'Farrell,Dominique Vien,Marie-Philippe Gagnon Gauthier,N/A,Gaby Breton,Dominique Vien,Yes,Conservative,https://en.wikipedia.org/wiki/Bellechasse%E2%80%94Les_Etchemins%E2%80%94L%C3%A9vis,,,,,,,,,,,,,
24011,Beloeil—Chambly,Nicholas Malouin,Sylvain Goulet,Marie-Josée Béliveau,N/A,Yves-François Blanchet,Yves-François Blanchet,Yes,Bloc,https://en.wikipedia.org/wiki/Beloeil%E2%80%94Chambly,,,,,,,,,,,,,
24012,Berthier—Maskinongé,Stéphane Bilodeau,Peter Saliba,Ruth Ellen Brosseau,Daniel Simon,Yves Perron,Yves Perron,Yes,Bloc,https://en.wikipedia.org/wiki/Berthier%E2%80%94Maskinong%C3%A9,,,,,,,,,,,,,
24013,Bourassa,Abdelhaq Sari,Néhémie Dumay,Catherine Gauvin,N/A,Jency Mercier,Emmanuel Dubourg,No,Liberal,https://en.wikipedia.org/wiki/Bourassa_(electoral_district),,,,,,,,,,,,,
48003,Bow River,Bentley Barnes,David Bexte,Louisa Gwin,Jason McKee,N/A,Martin Shields,No,Conservative,https://en.wikipedia.org/wiki/Bow_River_(electoral_district),,,,,,,,,,,,,
35008,Bowmanville—Oshawa North,Bridget Girard,Jamil Jivani,Elenor Marano,Julie Dietrich,N/A,Jamil Jivani,Yes,Conservative,https://en.wikipedia.org/wiki/Bowmanville%E2%80%94Oshawa_North,,,,,,,,,,,,,
35009,Brampton Centre,Amandeep Sodhi,Taran Chahal,Anil Boodhai,Ray Shaver,N/A,Shafqat Ali,No,Liberal,https://en.wikipedia.org/wiki/Brampton_Centre_(federal_electoral_district),,,,,,,,,,,,,
35011,Brampton East,Maninder Sidhu,Bob Dosanjh Singh,Haramit Singh,Aditya Saxena,N/A,Maninder Sidhu,Yes,Liberal,https://en.wikipedia.org/wiki/Brampton_East_(federal_electoral_district),,,,,,,,,,,,,
35012,Brampton North—Caledon,Ruby Sahota,Amandeep Judge,Ruby Zaman,Cedar Park,N/A,Ruby Sahota,Yes,Liberal,https://en.wikipedia.org/wiki/Brampton_North%E2%80%94Caledon,,,,,,,,,,,,,
35013,Brampton South,Sonia Sidhu,Sukhdeep Kang,Rajni Sharma,Abisola Olaniyi,N/A,Sonia Sidhu,Yes,Liberal,https://en.wikipedia.org/wiki/Brampton_South_(federal_electoral_district),,,,,,,,,,,,,
35014,Brampton West,Kamal Khera,Amarjeet Gill,Zaigham Javed,Sameera Khan,N/A,Kamal Khera,Yes,Liberal,https://en.wikipedia.org/wiki/Brampton_West_(federal_electoral_district),,,,,,,,,,,,,
35010,Brampton—Chinguacousy Park,Shafqat Ali,Tim Iqbal,Teresa Yeh,Mike Dancy,N/A,N/A,No,N/A,https://en.wikipedia.org/wiki/Brampton%E2%80%94Chinguacousy_Park,,,,,,,,,,,,,
46001,Brandon—Souris,Ghazanfar Ali Tarar,Grant Jackson,Quentin Robinson,Darcy Robillard,N/A,Larry Maguire,No,Conservative,https://en.wikipedia.org/wiki/Brandon%E2%80%94Souris,,,,,,,,,,,,,
35015,Brantford—Brant South—Six Nations,Joy O'Donnell,Larry Brock,Anne Gajerski-Cauley,Karleigh Csordas,N/A,Larry Brock,Yes,Conservative,https://en.wikipedia.org/wiki/Brantford%E2%80%94Brant_South%E2%80%94Six_Nations,,,,,,,,,,,,,
24014,Brome—Missisquoi,Louis Villeneuve,Steve Charbonneau,Zoé Larose,N/A,Jeff Boudreault,Pascale St-Onge,No,Liberal,https://en.wikipedia.org/wiki/Brome%E2%80%94Missisquoi_(federal_electoral_district),,,,,,,,,,,,,
24015,Brossard—Saint-Lambert,Alexandra Mendès,William Huynh-Jan,Zeinab Mitsou Akkakoui,Gregory De Luca,Soledad Orihuela-Bouchard,Alexandra Mendès,Yes,Liberal,https://en.wikipedia.org/wiki/Brossard%E2%80%94Saint-Lambert,,,,,,,,,,,,,
35016,Bruce—Grey—Owen Sound,Anne Marie Watson,Alex Ruff,Christopher Neudorf,Natasha Akiwenzije,N/A,Alex Ruff,Yes,Conservative,https://en.wikipedia.org/wiki/Bruce%E2%80%94Grey%E2%80%94Owen_Sound_(federal_electoral_district),,,,,,,,,,,,,
35017,Burlington,Karina Gould,Emily Brown,Michael Beauchemin,Kyle Hutton,N/A,Karina Gould,Yes,Liberal,https://en.wikipedia.org/wiki/Burlington_(federal_electoral_district),,,,,,,,,,,,,
35018,Burlington North—Milton West,Adam Van Koeverden,Nadeem Akbar,Naveed Ahmed,Tim Katty,N/A,Adam van Koeverden,Yes,Liberal,https://en.wikipedia.org/wiki/Burlington_North%E2%80%94Milton_West,,,,,,,,,,,,,
59002,Burnaby Central,Wade Chang,James Yan,Jagmeet Singh,Élie Lubendo,N/A,Jagmeet Singh,Yes,NDP,https://en.wikipedia.org/wiki/Burnaby_Central,,,,,,,,,,,,,
59003,Burnaby North—Seymour,Terry Beech,Mauro Francis,Michael Charrois,Bryan White,N/A,Terry Beech,Yes,Liberal,https://en.wikipedia.org/wiki/Burnaby_North%E2%80%94Seymour,,,,,,,,,,,,,
48004,Calgary Centre,Lindsay Luhnau,Greg McLean,Beau Shaw,Jayden Baldonado,N/A,Greg McLean,Yes,Conservative,https://en.wikipedia.org/wiki/Calgary_Centre,,,,,,,,,,,,,
48005,Calgary Confederation,Corey Hogan,Jeremy Nixon,Keira Gunn,Richard Willott,N/A,Len Webber,No,Conservative,https://en.wikipedia.org/wiki/Calgary_Confederation,,,,,,,,,,,,,
48006,Calgary Crowfoot,Shahnaz Munir,Pat Kelly,Jim Samuelson,Nanette Nerland,N/A,Pat Kelly,Yes,Conservative,https://en.wikipedia.org/wiki/Calgary_Crowfoot,,,,,,,,,,,,,
48007,Calgary East,Priti Obhrai-Martin,Jasraj Hallan,Jennifer Geha,Carey Rutherford,N/A,Jasraj Singh Hallan,No,Conservative,https://en.wikipedia.org/wiki/Calgary_East,,,,,,,,,,,,,
48008,Calgary Heritage,Scott Arnott,Shuv Majumdar,Becki Zimmerman,Ravenmoon Crocker,N/A,Shuvaloy Majumdar,No,Conservative,https://en.wikipedia.org/wiki/Calgary_Heritage,,,,,,,,,,,,,
48009,Calgary McKnight,George Chahal,Dalwinder Gill,Arlington Antonio Santiago,Evelyn Tanaka,N/A,N/A,No,N/A,https://en.wikipedia.org/wiki/Calgary_McKnight_(federal_electoral_district),,,,,,,,,,,,,
48010,Calgary Midnapore,Sunjiv Raval,Stephanie Kusie,Austin Mullins,Adam Delgado,N/A,Stephanie Kusie,Yes,Conservative,https://en.wikipedia.org/wiki/Calgary_Midnapore,,,,,,,,,,,,,
48011,Calgary Nose Hill,Tom Becker,Michelle Rempel Garner,Ahmed Khan,Addison Fach,N/A,Michelle Rempel Garner,Yes,Conservative,https://en.wikipedia.org/wiki/Calgary_Nose_Hill,,,,,,,,,,,,,
48012,Calgary Shepard,Gul Khan,Tom Kmiec,Tory Tomblin,Robert Frasch,N/A,Tom Kmiec,Yes,Conservative,https://en.wikipedia.org/wiki/Calgary_Shepard,,,,,,,,,,,,,
48013,Calgary Signal Hill,Bryndis Whitson,David GL McKenzie,Khalis Ahmed,Natalie Austin,N/A,N/A,No,N/A,https://en.wikipedia.org/wiki/Calgary_Signal_Hill,,,,,,,,,,,,,
48014,Calgary Skyview,Hafeez Malik,Amanpreet S. Gill,Rajesh Angral,Ronan Cahill,N/A,George Chahal,No,Liberal,https://en.wikipedia.org/wiki/Calgary_Skyview,,,,,,,,,,,,,
35019,Cambridge,Bryan May,Connie Cody,José de Lima,Lux Burgess,N/A,Bryan May,Yes,Liberal,https://en.wikipedia.org/wiki/Cambridge_(federal_electoral_district),,,,,,,,,,,,,
12002,Cape Breton—Canso—Antigonish,Jaime Battiste,Allan MacMaster,Joanna Clark,N/A,N/A,Mike Kelloway,No,Liberal,https://en.wikipedia.org/wiki/Cape_Breton%E2%80%94Canso%E2%80%94Antigonish,,,,,,,,,,,,,
10002,Cape Spear,Tom Osborne,Corey Curtis,Brenda Walsh,Kaelem Tingate,N/A,Seamus O'Regan,No,Liberal,https://en.wikipedia.org/wiki/Cape_Spear_(electoral_district),,,,,,,,,,,,,
11001,Cardigan,Kent MacDonald,James Aylward,Lynne Thiele,Maria Rodriguez,N/A,Lawrence MacAulay,No,Liberal,https://en.wikipedia.org/wiki/Cardigan_(electoral_district),,,,,,,,,,,,,
59004,Cariboo—Prince George,Clinton Emslie,Todd Doherty,Angie Bonazzo,Jodie Capling,N/A,Todd Doherty,Yes,Conservative,https://en.wikipedia.org/wiki/Cariboo%E2%80%94Prince_George,,,,,,,,,,,,,
35020,Carleton,Bruce Fanjoy,Pierre Poilievre,Beth Prokaska,Mark Watson,N/A,Pierre Poilievre,Yes,Conservative,https://en.wikipedia.org/wiki/Carleton_(Ontario_federal_electoral_district),,,,,,,,,,,,,
47002,Carlton Trail—Eagle Creek,Katelyn Zimmer,Kelly Block,Cheryl Loadman,N/A,N/A,Kelly Block,Yes,Conservative,https://en.wikipedia.org/wiki/Carlton_Trail%E2%80%94Eagle_Creek,,,,,,,,,,,,,
10003,Central Newfoundland,Lynette Powell,Clifford Small,Darian Vincent,N/A,N/A,Clifford Small,Yes,Conservative,https://en.wikipedia.org/wiki/Central_Newfoundland_(electoral_district),,,,,,,,,,,,,
12003,Central Nova,Sean Fraser,Brycen Jenkins,Jesiah MacDonald,Gerald Romsa,N/A,Sean Fraser,Yes,Liberal,https://en.wikipedia.org/wiki/Central_Nova,,,,,,,,,,,,,
24016,Charlesbourg—Haute-Saint-Charles,Louis Bellemare,Pierre Paul-Hus,Dominique Harisson,N/A,Bladimir Laborit Infante,Pierre Paul-Hus,Yes,Conservative,https://en.wikipedia.org/wiki/Charlesbourg%E2%80%94Haute-Saint-Charles,,,,,,,,,,,,,
11002,Charlottetown,Sean Casey,Natalie Jameson,Joe Byrne,Daniel Cousins,N/A,Sean Casey,Yes,Liberal,https://en.wikipedia.org/wiki/Charlottetown_(electoral_district),,,,,,,,,,,,,
24017,Châteauguay—Les Jardins-de-Napierville,Nathalie Provost,David De Repentigny,Hannah Wolker,Martine Desrochers,Patrick O'Hara,Brenda Shanahan,No,Liberal,https://en.wikipedia.org/wiki/Ch%C3%A2teauguay%E2%80%94Les_Jardins-de-Napierville,,,,,,,,,,,,,
35021,Chatham-Kent—Leamington,Keith Pickard,Dave Epp,Seamus McInnis Fleming,James Plunkett,N/A,Dave Epp,Yes,Conservative,https://en.wikipedia.org/wiki/Chatham-Kent%E2%80%94Leamington_(federal_electoral_district),,,,,,,,,,,,,
24018,Chicoutimi—Le Fjord,Stéphane Proulx,Richard Martel,Raphaël Émond,Yves Laporte,Marc St-Hilaire,Richard Martel,Yes,Conservative,https://en.wikipedia.org/wiki/Chicoutimi%E2%80%94Le_Fjord,,,,,,,,,,,,,
59005,Chilliwack—Hope,Zeeshan Khan,Mark Strahl,Teri Westerby,Salina Derish,N/A,Mark Strahl,Yes,Conservative,https://en.wikipedia.org/wiki/Chilliwack%E2%80%94Hope_(federal_electoral_district),,,,,,,,,,,,,
46002,Churchill—Keewatinook Aski,Rebecca Chartrand,Lachlan De Nardi,Niki Ashton,Siwichis McElastrick,N/A,Niki Ashton,Yes,NDP,https://en.wikipedia.org/wiki/Churchill%E2%80%94Keewatinook_Aski,,,,,,,,,,,,,
59006,Cloverdale—Langley City,Kyle Latchford,Tamara Jansen,Vanessa Sharma,Kevin Daniel Wilkie,N/A,Tamara Jansen,Yes,Conservative,https://en.wikipedia.org/wiki/Cloverdale%E2%80%94Langley_City,,,,,,,,,,,,,
59007,Columbia—Kootenay—Southern Rockies,Reggie Goldsbury,Rob Morrison,Kallee Lins,Steven Mafiioli,N/A,Rob Morrison,Yes,Conservative,https://en.wikipedia.org/wiki/Columbia%E2%80%94Kootenay%E2%80%94Southern_Rockies,,,,,,,,,,,,,
24019,Compton—Stanstead,Marianne Dandurand,Jacques Painchaud,Valérie Laliberté,N/A,Nathalie Bresse,Marie-Claude Bibeau,No,Liberal,https://en.wikipedia.org/wiki/Compton%E2%80%94Stanstead,,,,,,,,,,,,,
59008,Coquitlam—Port Coquitlam,Ron McKinnon,Iain Black,Laura Dupont,Michael Peter Glenister,N/A,Ron McKinnon,Yes,Liberal,https://en.wikipedia.org/wiki/Coquitlam%E2%80%94Port_Coquitlam,,,,,,,,,,,,,
24020,Côte-du-Sud—Rivière-du-Loup—Kataskomiq—Témiscouata,Rémi Massé,Bernard Généreux,Iseult L’Heureux Hubert,N/A,Diane Sénécal,Bernard Généreux,Yes,Conservative,https://en.wikipedia.org/wiki/C%C3%B4te-du-Sud%E2%80%94Rivi%C3%A8re-du-Loup%E2%80%94Kataskomiq%E2%80%94T%C3%A9miscouata,,,,,,,,,,,,,
24021,Côte-Nord—Kawawachikamach—Nitassinan,Kevin Coutu,Mélanie Dorion,Marika Lalime,N/A,Marilène Gill,Marilène Gill,Yes,Bloc,https://en.wikipedia.org/wiki/C%C3%B4te-Nord%E2%80%94Kawawachikamach%E2%80%94Nitassinan,,,,,,,,,,,,,
59009,Courtenay—Alberni,Brian Cameron,Kris McNichol,Gord Johns,Chris Markevič,N/A,Gord Johns,Yes,NDP,https://en.wikipedia.org/wiki/Courtenay%E2%80%94Alberni,,,,,,,,,,,,,
59010,Cowichan—Malahat—Langford,Blair Herbert,Jeff Kibble,Alistair MacGregor,Kathleen Code,N/A,Alistair MacGregor,Yes,NDP,https://en.wikipedia.org/wiki/Cowichan%E2%80%94Malahat%E2%80%94Langford,,,,,,,,,,,,,
12004,Cumberland—Colchester,Alana Hirtle,Stephen Ellis,Larry Duchesne,Kelly-Ann Callaghan,N/A,Stephen Ellis,Yes,Conservative,https://en.wikipedia.org/wiki/Cumberland%E2%80%94Colchester,,,,,,,,,,,,,
12005,Dartmouth—Cole Harbour,Darren Fisher,Isabelle Obeid,Keith Morrison,Rana Zaman,N/A,Darren Fisher,Yes,Liberal,https://en.wikipedia.org/wiki/Dartmouth%E2%80%94Cole_Harbour,,,,,,,,,,,,,
35022,Davenport,Julie Dzerowicz,Francis Lavoie,Sandra Sousa,Lilian Barrera,N/A,Julie Dzerowicz,Yes,Liberal,https://en.wikipedia.org/wiki/Davenport_(federal_electoral_district),,,,,,,,,,,,,
59011,Delta,Jill McKnight,Jessy Sahota,Jason McCormick,N/A,N/A,Carla Qualtrough,No,Liberal,https://en.wikipedia.org/wiki/Delta_(federal_electoral_district),,,,,,,,,,,,,
47003,Desnethé—Missinippi—Churchill River,Buckley Belanger,Jim Lemaigre,Doug Racine,N/A,N/A,Gary Vidal,No,Conservative,https://en.wikipedia.org/wiki/Desneth%C3%A9%E2%80%94Missinippi%E2%80%94Churchill_River,,,,,,,,,,,,,
35023,Don Valley North,Maggie Chi,Joe Tay,Naila Saeed,Andrew Armstrong,N/A,Han Dong,No,Other,https://en.wikipedia.org/wiki/Don_Valley_North_(federal_electoral_district),,,,,,,,,,,,,
35024,Don Valley West,Rob Oliphant,Robert Pierce,Linnea Löfström-Abary,Sheena Sharp,N/A,Rob Oliphant,Yes,Liberal,https://en.wikipedia.org/wiki/Don_Valley_West_(federal_electoral_district),,,,,,,,,,,,,
24022,Dorval—Lachine—LaSalle,Anju Dhillon,Alioune Sarr,Angélique Soleil Lavoie,Amir Badr Eldeeb,Pauline Fleur Julie Postel,Anju Dhillon,Yes,Liberal,https://en.wikipedia.org/wiki/Dorval%E2%80%94Lachine%E2%80%94LaSalle,,,,,,,,,,,,,
24023,Drummond,Ghada Jerbi,François Fréchette,François Choquette,N/A,Martin Champoux,Martin Champoux,Yes,Bloc,https://en.wikipedia.org/wiki/Drummond_(federal_electoral_district),,,,,,,,,,,,,
35025,Dufferin—Caledon,Malalai Halimi,Kyle Seeback,Viktor Karlikns,Ifra Baig,N/A,Kyle Seeback,Yes,Conservative,https://en.wikipedia.org/wiki/Dufferin%E2%80%94Caledon,,,,,,,,,,,,,
48015,Edmonton Centre,Eleanor Olszewski,Sayid Ahmed,Trisha Estabrooks,Tyler Beaulac,N/A,Randy Boissonnault,No,Liberal,https://en.wikipedia.org/wiki/Edmonton_Centre,,,,,,,,,,,,,
48016,Edmonton Gateway,Jeremy Hoefsloot,Tim Uppal,Madeline Mayes,Kyle Caswell,N/A,Tim Uppal,Yes,Conservative,https://en.wikipedia.org/wiki/Edmonton_Gateway,,,,,,,,,,,,,
48017,Edmonton Griesbach,Patrick Lennox,Kerry Diotte,Blake Desjarlais,Michael Hunter,N/A,Blake Desjarlais,Yes,NDP,https://en.wikipedia.org/wiki/Edmonton_Griesbach,,,,,,,,,,,,,
48018,Edmonton Manning,Blair-Marie Coles,Ziad Aboultaif,Lesley Thompson,Calvin Beauchesne,N/A,Ziad Aboultaif,Yes,Conservative,https://en.wikipedia.org/wiki/Edmonton_Manning_(federal_electoral_district),,,,,,,,,,,,,
48019,Edmonton Northwest,Lindsey Machona,Billy Morin,Omar Abubakar,Colleen Rice,N/A,N/A,No,N/A,https://en.wikipedia.org/wiki/Edmonton_Northwest_(federal_electoral_district),,,,,,,,,,,,,
48020,Edmonton Riverbend,Mark Minenko,Matt Jeneroux,Susan Cake,N/A,N/A,Matt Jeneroux,Yes,Conservative,https://en.wikipedia.org/wiki/Edmonton_Riverbend,,,,,,,,,,,,,
48021,Edmonton Southeast,Amarjeet Sohi,Jagsharan Singh Mahal,Harpreet Grewal,Martin Schuetz,N/A,N/A,No,N/A,https://en.wikipedia.org/wiki/Edmonton_Southeast,,,,,,,,,,,,,
48022,Edmonton Strathcona,Ron Thiering,Miles Berry,Heather McPherson,Atul Deshmukh,N/A,Heather McPherson,Yes,NDP,https://en.wikipedia.org/wiki/Edmonton_Strathcona,,,,,,,,,,,,,
48023,Edmonton West,Brad Fournier,Kelly McCauley,Sean McQuillan,Kristina Howard,N/A,Kelly McCauley,Yes,Conservative,https://en.wikipedia.org/wiki/Edmonton_West,,,,,,,,,,,,,
35026,Eglinton—Lawrence,Vince Gasparro,Karen Stintz,Allison Tanzola,Wayne Chechevuskiv,N/A,N/A,No,N/A,https://en.wikipedia.org/wiki/Eglinton%E2%80%94Lawrence_(federal_electoral_district),,,,,,,,,,,,,
11003,Egmont,Bobby Morrissey,Logan McLellan,Carol Rybinski,Ranald MacFarlane,N/A,Bobby Morrissey,Yes,Liberal,https://en.wikipedia.org/wiki/Egmont_(electoral_district),,,,,,,,,,,,,
35027,Elgin—St. Thomas—London South,David Goodwin,Andrew Lawton,Paul Pighin,Oriana Knox,N/A,Karen Vecchio,No,Conservative,https://en.wikipedia.org/wiki/Elgin%E2%80%94St._Thomas%E2%80%94London_South,,,,,,,,,,,,,
46003,Elmwood—Transcona,Ian MacIntyre,Colin Reynolds,Leila Dance,Nicolas Geddert,N/A,Leila Dance,Yes,NDP,https://en.wikipedia.org/wiki/Elmwood%E2%80%94Transcona,,,,,,,,,,,,,
59012,Esquimalt—Saanich—Sooke,Stephanie McLean,Grant Cool,Maja Tait,Ben Homer-Dixon,N/A,Vacant,No,–,https://en.wikipedia.org/wiki/Esquimalt%E2%80%94Saanich%E2%80%94Sooke,,,,,,,,,,,,,
35028,Essex,Chris Sutton,Chris Lewis,Lori Wightman,Mark Vercouteren,N/A,Chris Lewis,Yes,Conservative,https://en.wikipedia.org/wiki/Essex_(federal_electoral_district),,,,,,,,,,,,,
35029,Etobicoke Centre,Yvan Baker,Ted Opitz,Ji Won Jung,Christopher Soranno,N/A,Yvan Baker,Yes,Liberal,https://en.wikipedia.org/wiki/Etobicoke_Centre_(federal_electoral_district),,,,,,,,,,,,,
35031,Etobicoke North,John Zerucelli,Natalie Weed,Benjamin Abis,Sarun Balaranjan,N/A,Kirsty Duncan,No,Liberal,https://en.wikipedia.org/wiki/Etobicoke_North_(federal_electoral_district),,,,,,,,,,,,,
35030,Etobicoke—Lakeshore,James Maloney,Bernard Trottier,Cory Wagar,Afam Elue,N/A,James Maloney,Yes,Liberal,https://en.wikipedia.org/wiki/Etobicoke%E2%80%94Lakeshore_(federal_electoral_district),,,,,,,,,,,,,
35032,Flamborough—Glanbrook—Brant North,Chuck Phillips,Dan Muys,Peter Wehurn,Anita Payne,N/A,Dan Muys,Yes,Conservative,https://en.wikipedia.org/wiki/Flamborough%E2%80%94Glanbrook%E2%80%94Brant_North,,,,,,,,,,,,,
59013,Fleetwood—Port Kells,Gurbux Saini,Sukh Pandher,Shannon Permal,Murali Krishnan,N/A,Ken Hardie,No,Liberal,https://en.wikipedia.org/wiki/Fleetwood%E2%80%94Port_Kells,,,,,,,,,,,,,
48024,Foothills,John Bruinsma,John Barlow,Kaitte Aurora,Emma Hoberg,N/A,John Barlow,Yes,Conservative,https://en.wikipedia.org/wiki/Foothills_(electoral_district),,,,,,,,,,,,,
48025,Fort McMurray—Cold Lake,Kaitlyn Staines,Laila Goodridge,You-Ju Choi,Brian Deheer,N/A,Laila Goodridge,Yes,Conservative,https://en.wikipedia.org/wiki/Fort_McMurray%E2%80%94Cold_Lake,,,,,,,,,,,,,
13003,Fredericton—Oromocto,David Myles,Brian MACDONALD,Nicki Lyons-MacFarlane,Pam Allen-Leblanc,N/A,Jenica Atwin,No,Liberal,https://en.wikipedia.org/wiki/Fredericton%E2%80%94Oromocto,,,,,,,,,,,,,
13004,Fundy Royal,Bill Kudla,Rob Moore,Cindy Andrie,Hans Johnsen,N/A,Rob Moore,Yes,Conservative,https://en.wikipedia.org/wiki/Fundy_Royal,,,,,,,,,,,,,
24024,Gaspésie—Les Îles-de-la-Madeleine—Listuguj,Diane Lebouthillier,Jean-Pierre Pigeon,Denise Giroux,N/A,Alexis Deschênes,Diane Lebouthillier,Yes,Liberal,https://en.wikipedia.org/wiki/Gasp%C3%A9sie%E2%80%94Les_%C3%8Eles-de-la-Madeleine%E2%80%94Listuguj,,,,,,,,,,,,,
24025,Gatineau,Steven MacKinnon,Kethlande Pierre,Daniel Simonic,Rachid Jemmah,Richard Nadeau,Steven MacKinnon,Yes,Liberal,https://en.wikipedia.org/wiki/Gatineau_(federal_electoral_district),,,,,,,,,,,,,
48026,Grande Prairie,Maureen Mcleod,Chris Warkentin,Jennifer Villebrun,N/A,N/A,Chris Warkentin,Yes,Conservative,https://en.wikipedia.org/wiki/Grande_Prairie_(electoral_district),,,,,,,,,,,,,
35033,Guelph,Dominique O'Rourke,Gurvir Khaira,Janice Folk-Dawson,Anne-Marie Zajdlik,N/A,Lloyd Longfield,No,Liberal,https://en.wikipedia.org/wiki/Guelph_(federal_electoral_district),,,,,,,,,,,,,
35034,Haldimand—Norfolk,Colin Walsh,Leslyn Lewis,Shannon Homer-Shepherd,Nathan Hawkins,N/A,Leslyn Lewis,Yes,Conservative,https://en.wikipedia.org/wiki/Haldimand%E2%80%94Norfolk_(federal_electoral_district),,,,,,,,,,,,,
35035,Haliburton—Kawartha Lakes,Nell Thomas,Jamie Schmale,Alyea Teel,Valerie Powell,N/A,Jamie Schmale,Yes,Conservative,https://en.wikipedia.org/wiki/Haliburton%E2%80%94Kawartha_Lakes,,,,,,,,,,,,,
12006,Halifax,Shannon Miedema,Mark Boudreau,Lisa Roberts,Amethyste Hamel-Gregory,N/A,N/A,No,N/A,https://en.wikipedia.org/wiki/Halifax_(federal_electoral_district),,,,,,,,,,,,,
12007,Halifax West,Lena Metlege Diab,Rob Batherson,Rae Tench,Ron G. Parker,N/A,Lena Metlege Diab,Yes,Liberal,https://en.wikipedia.org/wiki/Halifax_West,,,,,,,,,,,,,
35036,Hamilton Centre,Aslam Rana,Hayden Lawrence,Matthew Green,Sandy Crawley,N/A,Matthew Green,Yes,NDP,https://en.wikipedia.org/wiki/Hamilton_Centre_(federal_electoral_district),,,,,,,,,,,,,
35037,Hamilton East—Stoney Creek,Chad Collins,Ned Kuruc,Nayla Mithani,Andy Nita,N/A,Chad Collins,Yes,Liberal,https://en.wikipedia.org/wiki/Hamilton_East%E2%80%94Stoney_Creek_(federal_electoral_district),,,,,,,,,,,,,
35038,Hamilton Mountain,Lisa Hepfner,Ken Hewitt,Monique Taylor,Paul Smart,N/A,Lisa Hepfner,Yes,Liberal,https://en.wikipedia.org/wiki/Hamilton_Mountain_(federal_electoral_district),,,,,,,,,,,,,
35039,Hamilton West—Ancaster—Dundas,John-Paul Danko,Erika Alexander,Roberto Henriquez,Georgia Beauchemin,N/A,Filomena Tassi,No,Liberal,https://en.wikipedia.org/wiki/Hamilton_West%E2%80%94Ancaster%E2%80%94Dundas_(federal_electoral_district),,,,,,,,,,,,,
35040,Hastings—Lennox and Addington—Tyendinaga,Tracey Sweeney Schenk,Shelby Kramp-Neuman,Ava Duffy,Michael Holbrook,N/A,Shelby Kramp-Neuman,Yes,Conservative,https://en.wikipedia.org/wiki/Hastings%E2%80%94Lennox_and_Addington%E2%80%94Tyendinaga,,,,,,,,,,,,,
24026,Hochelaga—Rosemont-Est,Marie-Gabrielle Ménard,Carl Belley,Julie Girard-Lemay,Jacob Pirro,Rose Lessard,Soraya Martinez Ferrada,No,Liberal,https://en.wikipedia.org/wiki/Hochelaga%E2%80%94Rosemont-Est,,,,,,,,,,,,,
24027,Honoré-Mercier,Eric St-Pierre,Ingrid Fernanda Megni,Djaouida Sellah,Gaëtan Bérard,Edline Henri,N/A,No,N/A,https://en.wikipedia.org/wiki/Honor%C3%A9-Mercier_(electoral_district),,,,,,,,,,,,,
24028,Hull—Aylmer,Greg Fergus,Jill Declare,Pascale Matecki,Frédéric Morin-Paquette,Alice Grondin,Greg Fergus,Yes,Liberal,https://en.wikipedia.org/wiki/Hull%E2%80%94Aylmer,,,,,,,,,,,,,
35041,Humber River—Black Creek,Judy Sgro,Bijay Paudel,Matias de Dovitiis,Alexander Qanbery,N/A,Judy Sgro,Yes,Liberal,https://en.wikipedia.org/wiki/Humber_River%E2%80%94Black_Creek_(federal_electoral_district),,,,,,,,,,,,,
35042,Huron—Bruce,James Rice,Ben Lobb,Melanie Burrett,Gregory J McLean,N/A,Ben Lobb,Yes,Conservative,https://en.wikipedia.org/wiki/Huron%E2%80%94Bruce_(federal_electoral_district),,,,,,,,,,,,,
24029,Joliette—Manawan,Marc Allaire,Pascal Bapfou Vozang Siewe,Vanessa Gordon,Érica Poirier,Gabriel Ste-Marie,Gabriel Ste-Marie,Yes,Bloc,https://en.wikipedia.org/wiki/Joliette%E2%80%94Manawan,,,,,,,,,,,,,
24030,Jonquière,William Van Tassel,Fanny Boulanger,Lise Garon,Marie-Josée Yelle,Mario Simard,Mario Simard,Yes,Bloc,https://en.wikipedia.org/wiki/Jonqui%C3%A8re_(federal_electoral_district),,,,,,,,,,,,,
59014,Kamloops—Shuswap—Central Rockies,Ken Robertson,Mel Arnold,Phaedra Idzan,Owen Madden,N/A,Mel Arnold,Yes,Conservative,https://en.wikipedia.org/wiki/Kamloops%E2%80%94Shuswap%E2%80%94Central_Rockies,,,,,,,,,,,,,
59015,Kamloops—Thompson—Nicola,Iain Currie,Frank Caputo,Miguel Godau,Jenna Lindley,N/A,Frank Caputo,Yes,Conservative,https://en.wikipedia.org/wiki/Kamloops%E2%80%94Thompson%E2%80%94Nicola,,,,,,,,,,,,,
35043,Kanata,Jenna Sudds,Greg Kung,Melissa Simon,Jennifer Purdy,N/A,Jenna Sudds,Yes,Liberal,https://en.wikipedia.org/wiki/Kanata_(electoral_district),,,,,,,,,,,,,
35044,Kapuskasing—Timmins—Mushkegowuk,Steve Black,Gaétan Malette,Nicole Fortier Levesque,Joanne Bergeron,N/A,Charlie Angus,No,NDP,https://en.wikipedia.org/wiki/Kapuskasing%E2%80%94Timmins%E2%80%94Mushkegowuk,,,,,,,,,,,,,
59016,Kelowna,Stephen Fuhr,Tracy Gray,Trevor McAleese,Catriona Wright,N/A,Tracy Gray,Yes,Conservative,https://en.wikipedia.org/wiki/Kelowna_(electoral_district),,,,,,,,,,,,,
35045,Kenora—Kiiwetinoong,Charles Fox,Eric Melillo,Tania Cameron,Jon Hobbs,N/A,Eric Melillo,Yes,Conservative,https://en.wikipedia.org/wiki/Kenora%E2%80%94Kiiwetinoong,,,,,,,,,,,,,
46004,Kildonan—St. Paul,Thomas Naaykens,Raquel Dancho,Emily Clark,Janice Dongworth,N/A,Raquel Dancho,Yes,Conservative,https://en.wikipedia.org/wiki/Kildonan%E2%80%94St._Paul,,,,,,,,,,,,,
35047,King—Vaughan,Mubarak Ahmed,Anna Roberts,Samantha Sanchez,Ann Raney,N/A,Anna Roberts,Yes,Conservative,https://en.wikipedia.org/wiki/King%E2%80%94Vaughan_(federal_electoral_district),,,,,,,,,,,,,
12008,Kings—Hants,Kody Blois,Joel Hirtle,Paul Doer,Karen Beazley,N/A,Kody Blois,Yes,Liberal,https://en.wikipedia.org/wiki/Kings%E2%80%94Hants,,,,,,,,,,,,,
35046,Kingston and the Islands,Mark Gerretsen,Bryan Paterson,Daria Judii-Hope,Fintan Hartnett,N/A,Mark Gerretsen,Yes,Liberal,https://en.wikipedia.org/wiki/Kingston_and_the_Islands_(federal_electoral_district),,,,,,,,,,,,,
35048,Kitchener Centre,Brian Adeba,Kelly DeRidder,Heather Zaleski,Mike Morrice,N/A,Mike Morrice,Yes,Green,https://en.wikipedia.org/wiki/Kitchener_Centre_(federal_electoral_district),,,,,,,,,,,,,
35050,Kitchener South—Hespeler,Valerie Bradford,Matt Strauss,Lorne Bruce,Ethan Russell,N/A,Valerie Bradford,Yes,Liberal,https://en.wikipedia.org/wiki/Kitchener_South%E2%80%94Hespeler_(federal_electoral_district),,,,,,,,,,,,,
35049,Kitchener—Conestoga,Tim Louis,Doug Treleaven,Maya Bozorgzad,Tessa Smith,N/A,Tim Louis,Yes,Liberal,https://en.wikipedia.org/wiki/Kitchener%E2%80%94Conestoga_(federal_electoral_district),,,,,,,,,,,,,
24031,La Pointe-de-l'Île,Viviane Minko,Violetta Potapova,Ghada Chaabi,Olivier Huard,Mario Beaulieu,Mario Beaulieu,Yes,Bloc,https://en.wikipedia.org/wiki/La_Pointe-de-l%27%C3%8Ele,,,,,,,,,,,,,
24032,La Prairie—Atateken,Jacques Ramsay,Dave Pouliot,Mathieu Boisvert,Barbara Joannette,Alain Therrien,Alain Therrien,Yes,Bloc,https://en.wikipedia.org/wiki/La_Prairie%E2%80%94Atateken,,,,,,,,,,,,,
10004,Labrador,Philip Earle,Ella Wallace,Marius Normore,N/A,N/A,Yvonne Jones,No,Liberal,https://en.wikipedia.org/wiki/Labrador_(electoral_district),,,,,,,,,,,,,
24033,Lac-Saint-Jean,Denis Lemieux,Dave Blackburn,Hugues Boily-Maltais,N/A,Alexis Brunelle-Duceppe,Alexis Brunelle-Duceppe,Yes,Bloc,https://en.wikipedia.org/wiki/Lac-Saint-Jean,,,,,,,,,,,,,
24034,Lac-Saint-Louis,Francis Scarpaleggia,Matthew Rusniak,Gregory Evdokias,Raymond Frizzell,Tommy Fournier,Francis Scarpaleggia,Yes,Liberal,https://en.wikipedia.org/wiki/Lac-Saint-Louis,,,,,,,,,,,,,
48027,Lakeland,Barry Milaney,Shannon Stubbs,Des Bissonnette,Bridget Burns,N/A,Shannon Stubbs,Yes,Conservative,https://en.wikipedia.org/wiki/Lakeland_(electoral_district),,,,,,,,,,,,,
35051,Lanark—Frontenac,Michelle Foxton,Scott Reid,Danielle Rae,Jesse Pauley,N/A,Scott Reid,Yes,Conservative,https://en.wikipedia.org/wiki/Lanark%E2%80%94Frontenac,,,,,,,,,,,,,
59017,Langley Township—Fraser Heights,John Aldag,Tako Van Popta,Holly Isaac,Debora Soutar,N/A,Tako van Popta,Yes,Conservative,https://en.wikipedia.org/wiki/Langley_Township%E2%80%94Fraser_Heights,,,,,,,,,,,,,
24035,LaSalle—Émard—Verdun,Claude Guay,Zsolt Fischer,Craig Sauvé,Bisma Ansari,Louis-Philippe Sauvé,Louis-Philippe Sauvé,Yes,Bloc,https://en.wikipedia.org/wiki/LaSalle%E2%80%94%C3%89mard%E2%80%94Verdun,,,,,,,,,,,,,
24036,Laurentides—Labelle,Emrick Vienneau,Daniel Paquette,Michel Noël De Tilly,Michel Le Comte,Marie-Hélène Gaudreau,Marie-Hélène Gaudreau,Yes,Bloc,https://en.wikipedia.org/wiki/Laurentides%E2%80%94Labelle,,,,,,,,,,,,,
24037,Laurier—Sainte-Marie,Steven Guilbeault,Mathieu Fournier,Nimâ Machouf,Dylan Perceval-Maxwell,Emmanuel Lapierre,Steven Guilbeault,Yes,Liberal,https://en.wikipedia.org/wiki/Laurier%E2%80%94Sainte-Marie,,,,,,,,,,,,,
24038,Laval—Les Îles,Fayçal El-Khoury,Konstantinos Merakos,Étienne Loiselle-Schietekatte,N/A,Catherine Dansereau-Redhead,Fayçal El-Khoury,Yes,Liberal,https://en.wikipedia.org/wiki/Laval%E2%80%94Les_%C3%8Eles,,,,,,,,,,,,,
48028,Leduc—Wetaskiwin,Ronald Brochu,Mike Lake,Katherine Swampy,N/A,N/A,Mike Lake,Yes,Conservative,https://en.wikipedia.org/wiki/Leduc%E2%80%94Wetaskiwin,,,,,,,,,,,,,
35052,Leeds—Grenville—Thousand Islands—Rideau Lakes,Lorna Jean Edmonds,Michael Barrett,Paul Lancione,Randi Ramdeen,N/A,Michael Barrett,Yes,Conservative,https://en.wikipedia.org/wiki/Leeds%E2%80%94Grenville%E2%80%94Thousand_Islands_and_Rideau_Lakes_(federal_electoral_district),,,,,,,,,,,,,
24039,Les Pays-d'en-Haut,Tim Watchorn,Vincent Leroux,Eric-Abel Baland,Karine Steinberger,Ariane Charbonneau,N/A,No,N/A,https://en.wikipedia.org/wiki/Les_Pays-d%27en-Haut_(electoral_district),,,,,,,,,,,,,
48029,Lethbridge,Chris Spearman,Rachael Thomas,Nathan Svoboda,Amber Murray,N/A,Rachael Thomas,Yes,Conservative,https://en.wikipedia.org/wiki/Lethbridge_(federal_electoral_district),,,,,,,,,,,,,
24040,Lévis—Lotbinière,Ghislain Daigle,Jacques Gourde,Molly Cornish,N/A,Pierre Julien,Jacques Gourde,Yes,Conservative,https://en.wikipedia.org/wiki/L%C3%A9vis%E2%80%94Lotbini%C3%A8re,,,,,,,,,,,,,
35053,London Centre,Peter Fragiskatos,Stephen Gallant,Dirka Prout,Mary Ann Hodge,N/A,Peter Fragiskatos,Yes,Liberal,https://en.wikipedia.org/wiki/London_Centre_(federal_electoral_district),,,,,,,,,,,,,
35055,London West,Arielle Kayabaga,Adam Benni,Shinaide Allder,Jeff Vanderzwet,N/A,Arielle Kayabaga,Yes,Liberal,https://en.wikipedia.org/wiki/London_West_(federal_electoral_district),,,,,,,,,,,,,
35054,London—Fanshawe,Najam Naqvi,Kurt Holman,Lindsay Mathyssen,Walker Alain Drolet,N/A,Lindsay Mathyssen,Yes,NDP,https://en.wikipedia.org/wiki/London%E2%80%94Fanshawe_(federal_electoral_district),,,,,,,,,,,,,
10005,Long Range Mountains,Don Bradshaw,Carol Anstey,Sarah Parsons,N/A,N/A,Gudie Hutchings,No,Liberal,https://en.wikipedia.org/wiki/Long_Range_Mountains_(electoral_district),,,,,,,,,,,,,
24041,Longueuil—Charles-LeMoyne,Sherry Romanado,Terry Roberts,Marie-Andrée Gravel,N/A,Beritan Oerde,Sherry Romanado,Yes,Liberal,https://en.wikipedia.org/wiki/Longueuil%E2%80%94Charles-LeMoyne,,,,,,,,,,,,,
24042,Longueuil—Saint-Hubert,Natilien Joseph,Martine Boucher,Nesrine Benhadj,N/A,Denis Trudel,Denis Trudel,Yes,Bloc,https://en.wikipedia.org/wiki/Longueuil%E2%80%94Saint-Hubert,,,,,,,,,,,,,
24043,Louis-Hébert,Joël Lightbound,Claude Dussault,Jean-Paul Lussiaà-Berdou,N/A,Valérie Savard,Joël Lightbound,Yes,Liberal,https://en.wikipedia.org/wiki/Louis-H%C3%A9bert_(federal_electoral_district),,,,,,,,,,,,,
24044,Louis-Saint-Laurent—Akiawenhrahk,Rhode-Malaure Pierre,Gérard Deltell,Colette Ducharme,N/A,Martin Trudel,Gérard Deltell,Yes,Conservative,https://en.wikipedia.org/wiki/Louis-Saint-Laurent%E2%80%94Akiawenhrahk,,,,,,,,,,,,,
13005,Madawaska—Restigouche,Guillaume Deschênes-Thériault,Michel Morin,Daisy Petersen,N/A,N/A,René Arseneault,No,Liberal,https://en.wikipedia.org/wiki/Madawaska%E2%80%94Restigouche,,,,,,,,,,,,,
11004,Malpeque,Heath MacDonald,Jamie Fox,Cassie Mackay,Anna Keenan,N/A,Heath MacDonald,Yes,Liberal,https://en.wikipedia.org/wiki/Malpeque_(electoral_district),,,,,,,,,,,,,
24045,Marc-Aurèle-Fortin,Carlos Leitão,Janina Moran,Alexandrah Cardona-Fortin,N/A,Claude Tousignant,Yves Robillard,No,Liberal,https://en.wikipedia.org/wiki/Marc-Aur%C3%A8le-Fortin_(electoral_district),,,,,,,,,,,,,
35056,Markham—Stouffville,Helena Jaczek,Niran Jeyanesan,Serena Cheung,Myles O'Brien,N/A,Helena Jaczek,Yes,Liberal,https://en.wikipedia.org/wiki/Markham%E2%80%94Stouffville_(federal_electoral_district),,,,,,,,,,,,,
35057,Markham—Thornhill,Tim Hodgson,Lionel Loganathan,Aftab Qureshi,Hodane Ibrahim,N/A,Mary Ng,No,Liberal,https://en.wikipedia.org/wiki/Markham%E2%80%94Thornhill_(federal_electoral_district),,,,,,,,,,,,,
35058,Markham—Unionville,Peter Yuen,Michael Ma,Sameer Qureshi,Elvin Kao,N/A,Paul Chiang,No,Liberal,https://en.wikipedia.org/wiki/Markham%E2%80%94Unionville_(federal_electoral_district),,,,,,,,,,,,,
48030,Medicine Hat—Cardston—Warner,Tom Rooke,Glen Motz,Jocelyn Johnson,Andy Shadrack,N/A,Glen Motz,Yes,Conservative,https://en.wikipedia.org/wiki/Medicine_Hat%E2%80%94Cardston%E2%80%94Warner,,,,,,,,,,,,,
24046,Mégantic—L'Érable—Lotbinière,Charles Mckaig,Luc Berthold,Gabriel D’Astous,N/A,Réjean Hurteau,Luc Berthold,Yes,Conservative,https://en.wikipedia.org/wiki/M%C3%A9gantic%E2%80%94L%27%C3%89rable%E2%80%94Lotbini%C3%A8re,,,,,,,,,,,,,
35059,Middlesex—London,Kent Keenan,Lianne Rood,Taylor McIntosh,Jim Johnston,N/A,Lianne Rood,Yes,Conservative,https://en.wikipedia.org/wiki/Middlesex%E2%80%94London,,,,,,,,,,,,,
35060,Milton East—Halton Hills South,Kristina Tesser Derksen,Parm Gill,Muhammad Riaz Sahi,Susan Doyle,N/A,N/A,No,N/A,https://en.wikipedia.org/wiki/Milton_East%E2%80%94Halton_Hills_South,,,,,,,,,,,,,
24047,Mirabel,Robert Fleming,Serge Dubord,Albert Batten,Mario Guay,Jean-Denis Garon,Jean-Denis Garon,Yes,Bloc,https://en.wikipedia.org/wiki/Mirabel_(federal_electoral_district),,,,,,,,,,,,,
13006,Miramichi—Grand Lake,Lisa Harris,Mike Dawson,Josh Floyd,Matthew Ian Clark,N/A,Jake Stewart,No,Conservative,https://en.wikipedia.org/wiki/Miramichi%E2%80%94Grand_Lake,,,,,,,,,,,,,
59018,Mission—Matsqui—Abbotsford,Jeff Howe,Brad Vis,Jules Côté,John Kidder,N/A,Brad Vis,Yes,Conservative,https://en.wikipedia.org/wiki/Mission%E2%80%94Matsqui%E2%80%94Abbotsford,,,,,,,,,,,,,
35061,Mississauga Centre,Fares Al Soud,Muhammad Ishaq,Brandon Nguyen,Ruth Cameron,N/A,Omar Alghabra,No,Liberal,https://en.wikipedia.org/wiki/Mississauga_Centre_(federal_electoral_district),,,,,,,,,,,,,
35062,Mississauga East—Cooksville,Peter Fonseca,Nita Kang,Khawar Hussain,Raphael Farray,N/A,Peter Fonseca,Yes,Liberal,https://en.wikipedia.org/wiki/Mississauga_East%E2%80%94Cooksville_(federal_electoral_district),,,,,,,,,,,,,
35063,Mississauga—Erin Mills,Iqra Khalid,Milad Mikael,Ehab Mustapha,Sulaiman Khan,N/A,Iqra Khalid,Yes,Liberal,https://en.wikipedia.org/wiki/Mississauga%E2%80%94Erin_Mills_(federal_electoral_district),,,,,,,,,,,,,
35064,Mississauga—Lakeshore,Charles Sousa,Tom Ellard,Evelyn Butler,Mary Kidnew,N/A,Charles Sousa,Yes,Liberal,https://en.wikipedia.org/wiki/Mississauga%E2%80%94Lakeshore_(federal_electoral_district),,,,,,,,,,,,,
35065,Mississauga—Malton,Iqwinder Singh Gaheer,Jaspreet Sandhu,Inderjeet Singh Ailsinghani,Jamie Moffat,N/A,Iqwinder Gaheer,No,Liberal,https://en.wikipedia.org/wiki/Mississauga%E2%80%94Malton_(federal_electoral_district),,,,,,,,,,,,,
35066,Mississauga—Streetsville,Rechie Valdez,Sue McFadden,Bushra Asghar,Chris Hill,N/A,Rechie Valdez,Yes,Liberal,https://en.wikipedia.org/wiki/Mississauga%E2%80%94Streetsville_(federal_electoral_district),,,,,,,,,,,,,
13007,Moncton—Dieppe,Ginette Petitpas Taylor,Jocelyn Dionne,Serge Landry,Marshall Dunn,N/A,Ginette Petitpas Taylor,Yes,Liberal,https://en.wikipedia.org/wiki/Moncton%E2%80%94Dieppe,,,,,,,,,,,,,
24049,Mont-Saint-Bruno—L'Acadie,Bienvenu-Olivier Ntumba,Nicolas Godin,Mirabelle Leins,Maria Korpijakkko,Noémie Rouillard,Stéphane Bergeron,No,Bloc,https://en.wikipedia.org/wiki/Mont-Saint-Bruno%E2%80%94L%27Acadie,,,,,,,,,,,,,
24050,Montcalm,Fatima Badran,Jean-Sébastien Lepage,Denis Perreault,N/A,Luc Thériault,Luc Thériault,Yes,Bloc,https://en.wikipedia.org/wiki/Montcalm_(federal_electoral_district),,,,,,,,,,,,,
24051,Montmorency—Charlevoix,Alex Ouellet-Bélanger,Gabriel Hardy,Gérard Briand,Élie Prud’Homme-Tessier,Caroline Desbiens,Caroline Desbiens,Yes,Bloc,https://en.wikipedia.org/wiki/Montmorency%E2%80%94Charlevoix,,,,,,,,,,,,,
47004,Moose Jaw—Lake Centre—Lanigan,Tabitha Mukamusoni,Fraser Tolmie,Britt Baumann,Mike Gardiner,N/A,Fraser Tolmie,Yes,Conservative,https://en.wikipedia.org/wiki/Moose_Jaw%E2%80%94Lake_Centre%E2%80%94Lanigan,,,,,,,,,,,,,
24048,Mount Royal,Anthony Housefather,Neil Oberman,Adam Frank,N/A,Yegor Komarov,Anthony Housefather,Yes,Liberal,https://en.wikipedia.org/wiki/Mount_Royal_(electoral_district),,,,,,,,,,,,,
59019,Nanaimo—Ladysmith,Michelle Corfield,Tamara Kronis,Lisa Marie Barron,Paul Manly,N/A,Lisa Marie Barron,Yes,NDP,https://en.wikipedia.org/wiki/Nanaimo%E2%80%94Ladysmith,,,,,,,,,,,,,
35067,Nepean,Mark Carney,Barbara Bal,Shyam Shukla,Greg Hopkins,N/A,Chandra Arya,No,Liberal,https://en.wikipedia.org/wiki/Nepean_(federal_electoral_district),,,,,,,,,,,,,
35069,New Tecumseth—Gwillimbury,Michael Hanrahan,Scot Davidson,Nancy Morrison,Callum MCKINNON,N/A,Scot Davidson,Yes,Conservative,https://en.wikipedia.org/wiki/New_Tecumseth%E2%80%94Gwillimbury,,,,,,,,,,,,,
59020,New Westminster—Burnaby—Maillardville,Jake Sawatzky,Indy Panchi,Peter Julian,Tara Shushtarian,N/A,Peter Julian,Yes,NDP,https://en.wikipedia.org/wiki/New_Westminster%E2%80%94Burnaby%E2%80%94Maillardville,,,,,,,,,,,,,
35068,Newmarket—Aurora,Jennifer McLachlan,Sandra Cobena,Anna Gollen,David Hitchcock,N/A,Tony Van Bynen,No,Liberal,https://en.wikipedia.org/wiki/Newmarket%E2%80%94Aurora_(federal_electoral_district),,,,,,,,,,,,,
35070,Niagara Falls—Niagara-on-the-Lake,Andrea Kaiser,Tony Baldinelli,Shannon Mitchell,Celia Taylor,N/A,Tony Baldinelli,Yes,Conservative,https://en.wikipedia.org/wiki/Niagara_Falls%E2%80%94Niagara-on-the-Lake,,,,,,,,,,,,,
35071,Niagara South,Vance Badawey,Fred Davies,Chantal McCollum,Natashia Bergen,N/A,Vance Badawey,Yes,Liberal,https://en.wikipedia.org/wiki/Niagara_South_(federal_electoral_district),,,,,,,,,,,,,
35072,Niagara West,Jennifer Korstanje,Dean Allison,Justin Abando,Shayan Khan,N/A,Dean Allison,Yes,Conservative,https://en.wikipedia.org/wiki/Niagara_West_(federal_electoral_district),,,,,,,,,,,,,
35073,Nipissing—Timiskaming,Pauline Rochefort,Garry Keller,Valerie Kennedy,Louise Poitras,N/A,Anthony Rota,No,Liberal,https://en.wikipedia.org/wiki/Nipissing%E2%80%94Timiskaming,,,,,,,,,,,,,
59021,North Island—Powell River,Jennifer Lash,Aaron Gunn,Tanille Johnston,Jessica Wegg,N/A,Rachel Blaney,No,NDP,https://en.wikipedia.org/wiki/North_Island%E2%80%94Powell_River,,,,,,,,,,,,,
59022,North Vancouver—Capilano,Jonathan Wilkinson,Stephen Curran,Tammy Bentz,Andrew Robinson,N/A,Jonathan Wilkinson,Yes,Liberal,https://en.wikipedia.org/wiki/North_Vancouver%E2%80%94Capilano_(federal_electoral_district),,,,,,,,,,,,,
35074,Northumberland—Clarke,John Goheen,Philip Lawrence,Ava Becker,Christina Marie Wilson,N/A,Philip Lawrence,Yes,Conservative,https://en.wikipedia.org/wiki/Northumberland%E2%80%94Clarke,,,,,,,,,,,,,
61001,Northwest Territories,Rebecca Alty,Kimberly Fairman,Kelvin Kotchilea,Rainbow Eyes,N/A,Michael McLeod,No,Liberal,https://en.wikipedia.org/wiki/Northwest_Territories_(electoral_district),,,,,,,,,,,,,
24052,Notre-Dame-de-Grâce—Westmount,Anna Gainey,Neil Drabkin,Malcolm Lewis-Richmond,Arnold Downey,Félix-Antoine Brault,Anna Gainey,Yes,Liberal,https://en.wikipedia.org/wiki/Notre-Dame-de-Gr%C3%A2ce%E2%80%94Westmount,,,,,,,,,,,,,
62001,Nunavut,Kilikvak Kabloona,James T. Arreak,Lori Idlout,–,N/A,Lori Idlout,Yes,NDP,https://en.wikipedia.org/wiki/Nunavut_(electoral_district),,,,,,,,,,,,,
35075,Oakville East,Anita Anand,Ron Chhinzer,Hailey Ford,Bruno Sousa,N/A,Anita Anand,Yes,Liberal,https://en.wikipedia.org/wiki/Oakville_East,,,,,,,,,,,,,
35076,Oakville West,Sima Acan,Tim Crowder,Diane Downey,Chris Kowalchuk,N/A,Pam Damoff,No,Liberal,https://en.wikipedia.org/wiki/Oakville_West,,,,,,,,,,,,,
59023,Okanagan Lake West—South Kelowna,Juliette Sicotte,Dan Albas,Harpreet Badohal,Louise Lecouffe,N/A,Dan Albas,Yes,Conservative,https://en.wikipedia.org/wiki/Okanagan_Lake_West%E2%80%94South_Kelowna,,,,,,,,,,,,,
35077,Orléans,Marie-France Lalonde,Steve Mansour,Oulai B. Goué,Jaycob Jacques,N/A,Marie-France Lalonde,Yes,Liberal,https://en.wikipedia.org/wiki/Orl%C3%A9ans_(federal_electoral_district),,,,,,,,,,,,,
35078,Oshawa,Isaac Ransom,Rhonda Kirkland,Sara Labelle,Katherine Mathewson,N/A,Colin Carrie,No,Conservative,https://en.wikipedia.org/wiki/Oshawa_(federal_electoral_district),,,,,,,,,,,,,
35079,Ottawa Centre,Yasir Naqvi,Paul D'Orsonnens,Amanda Rosenstock,Amanda Rosenstock,N/A,Yasir Naqvi,Yes,Liberal,https://en.wikipedia.org/wiki/Ottawa_Centre_(federal_electoral_district),,,,,,,,,,,,,
35080,Ottawa South,David McGuinty,Blair Turner,Hena Masjedee,Nira Dookeran,N/A,David McGuinty,Yes,Liberal,https://en.wikipedia.org/wiki/Ottawa_South,,,,,,,,,,,,,
35082,Ottawa West—Nepean,Anita Vandenbeld,Ryan Telford,Josh Bizjak,Prashanta Dhakal,N/A,Anita Vandenbeld,Yes,Liberal,https://en.wikipedia.org/wiki/Ottawa_West%E2%80%94Nepean,,,,,,,,,,,,,
35081,Ottawa—Vanier—Gloucester,Mona Fortier,Dean Wythe,Tristan Oliff,Christian Proulx,N/A,Mona Fortier,Yes,Liberal,https://en.wikipedia.org/wiki/Ottawa%E2%80%94Vanier%E2%80%94Gloucester,,,,,,,,,,,,,
24053,Outremont,Rachel Bendayan,Ronan Reich,Ève Péclet,Jonathan Pedneault,Rémi Lebeuf,Rachel Bendayan,Yes,Liberal,https://en.wikipedia.org/wiki/Outremont_(electoral_district),,,,,,,,,,,,,
35083,Oxford,David Hilderley,Arpan Khanna,Matthew Chambers,Cheryle Baker,N/A,Arpan Khanna,Yes,Conservative,https://en.wikipedia.org/wiki/Oxford_(federal_electoral_district),,,,,,,,,,,,,
24054,Papineau,Marjorie Michel,Julio Rivera,Niall Ricardo,N/A,Sophy Forget Béléc,Justin Trudeau,No,Liberal,https://en.wikipedia.org/wiki/Papineau_(electoral_district),,,,,,,,,,,,,
48031,Parkland,Ashley Fearnall,Dane Lloyd,Keri Goad,Daniel Birrell,N/A,Dane Lloyd,Yes,Conservative,https://en.wikipedia.org/wiki/Parkland_(electoral_district),,,,,,,,,,,,,
35084,Parry Sound—Muskoka,Geordie Sabbagh,Scott Aitchison,Heather Hay,Ryan Baptiste,N/A,Scott Aitchison,Yes,Conservative,https://en.wikipedia.org/wiki/Parry_Sound%E2%80%94Muskoka_(federal_electoral_district),,,,,,,,,,,,,
48032,Peace River—Westlock,Luke Markowski,Arnold Viersen,Landen Tischer,N/A,N/A,Arnold Viersen,Yes,Conservative,https://en.wikipedia.org/wiki/Peace_River%E2%80%94Westlock,,,,,,,,,,,,,
35085,Perth—Wellington,David Mackey,John Nater,Kevin Kruchkywich,Wayne Baker,N/A,John Nater,Yes,Conservative,https://en.wikipedia.org/wiki/Perth%E2%80%94Wellington_(federal_electoral_district),,,,,,,,,,,,,
35086,Peterborough,Emma Harrison,Michelle Ferreri,Heather Ray,Jazmine Raine,N/A,Michelle Ferreri,Yes,Conservative,https://en.wikipedia.org/wiki/Peterborough_(federal_electoral_district),,,,,,,,,,,,,
35087,Pickering—Brooklin,Juanita Nathan,Alicia Vianga,Jamie David Nye,Andrea Wood,N/A,Jennifer O'Connell,No,Liberal,https://en.wikipedia.org/wiki/Pickering%E2%80%94Brooklin,,,,,,,,,,,,,
24055,Pierre-Boucher—Les Patriotes—Verchères,Laurent de Casanove,Vincent Kunda,Jean-François Filion,N/A,Xavier Barsalou-Duval,Xavier Barsalou-Duval,Yes,Bloc,https://en.wikipedia.org/wiki/Pierre-Boucher%E2%80%94Les_Patriotes%E2%80%94Verch%C3%A8res,,,,,,,,,,,,,
24056,Pierrefonds—Dollard,Sameer Zuberi,Tanya Toledano,Kakou Richard Kouassi,N/A,Katrina Archambault,Sameer Zuberi,Yes,Liberal,https://en.wikipedia.org/wiki/Pierrefonds%E2%80%94Dollard,,,,,,,,,,,,,
59024,Pitt Meadows—Maple Ridge,Angie Rowell,Marc Dalton,Daniel Heydenrych,N/A,N/A,Marc Dalton,Yes,Conservative,https://en.wikipedia.org/wiki/Pitt_Meadows%E2%80%94Maple_Ridge,,,,,,,,,,,,,
48033,Ponoka—Didsbury,N/A,Blaine Calkins,Logan Hooley,Deborah Spitler,N/A,Blaine Calkins,Yes,Conservative,https://en.wikipedia.org/wiki/Ponoka%E2%80%94Didsbury,,,,,,,,,,,,,
24057,Pontiac—Kitigan Zibi,Sophie Chatel,Brian Nolan,Gilbert W. Whiteduck,Claude Bertrand,Suzanne Proulx,Sophie Chatel,Yes,Liberal,https://en.wikipedia.org/wiki/Pontiac%E2%80%94Kitigan_Zibi,,,,,,,,,,,,,
59025,Port Moody—Coquitlam,Zoe Royer,Paul Lambert,Bonita Zarillo,Nash Milani,N/A,Bonita Zarillo,Yes,NDP,https://en.wikipedia.org/wiki/Port_Moody%E2%80%94Coquitlam_(federal_electoral_district),,,,,,,,,,,,,
46005,Portage—Lisgar,Robert Kreis,Branden Leslie,Lisa Tessier,Janine G. Gibson,N/A,Branden Leslie,Yes,Conservative,https://en.wikipedia.org/wiki/Portage%E2%80%94Lisgar,,,,,,,,,,,,,
24058,Portneuf—Jacques-Cartier,Antonin Leroux,Joël Godin,Félix Couture,Johann Queffelec,Christian Hébert,Joël Godin,Yes,Conservative,https://en.wikipedia.org/wiki/Portneuf%E2%80%94Jacques-Cartier,,,,,,,,,,,,,
35088,Prescott—Russell—Cumberland,Giovanna Mingarelli,Julie Séguin,Ryder Finlay,Thalia Riden,N/A,Francis Drouin,No,Liberal,https://en.wikipedia.org/wiki/Prescott%E2%80%94Russell%E2%80%94Cumberland,,,,,,,,,,,,,
47005,Prince Albert,Christopher Hadubiak,Randy Hoback,Virginia Kutzan,Andrew Muirhead,N/A,Randy Hoback,Yes,Conservative,https://en.wikipedia.org/wiki/Prince_Albert_(federal_electoral_district),,,,,,,,,,,,,
59026,Prince George—Peace River—Northern Rockies,Peter Njenga,Bob Zimmer,Cory Grizz Longley,Mary Forbes,N/A,Bob Zimmer,Yes,Conservative,https://en.wikipedia.org/wiki/Prince_George%E2%80%94Peace_River%E2%80%94Northern_Rockies,,,,,,,,,,,,,
46006,Provencher,Trevor Kirczenow,Ted Falk,Brandy Schmidt,Blair Mahaffy,N/A,Ted Falk,Yes,Conservative,https://en.wikipedia.org/wiki/Provencher,,,,,,,,,,,,,
24059,Québec Centre,Jean-Yves Duclos,Chanie Thériault,Tommy Bureau,N/A,Simon Bérubé,Jean-Yves Duclos,Yes,Liberal,https://en.wikipedia.org/wiki/Qu%C3%A9bec_Centre,,,,,,,,,,,,,
48034,Red Deer,Ayaz Bangash,Burton Bailey,Elias Assefa,Ashley MacDonald,N/A,Earl Dreeshen,No,Conservative,https://en.wikipedia.org/wiki/Red_Deer_(federal_electoral_district),,,,,,,,,,,,,
47006,Regina—Lewvan,Mac Hird,Warren Steinley,Ray Aldinger,Michael Wright,N/A,Warren Steinley,Yes,Conservative,https://en.wikipedia.org/wiki/Regina%E2%80%94Lewvan,,,,,,,,,,,,,
47007,Regina—Qu'Appelle,Rahima Mian,Andrew Scheer,Chris Simmie,Kendra Anderson,N/A,Andrew Scheer,Yes,Conservative,https://en.wikipedia.org/wiki/Regina%E2%80%94Qu%27Appelle,,,,,,,,,,,,,
47008,Regina—Wascana,Jeffrey Walters,Michael Kram,Kaitlyn Stadnyk,Kimberly Epp,N/A,Michael Kram,Yes,Conservative,https://en.wikipedia.org/wiki/Regina%E2%80%94Wascana,,,,,,,,,,,,,
24060,Repentigny,Pierre Richard Thomas,Charles Champagne,Nathalie Gagnon,N/A,Patrick Bonin,Monique Pauzé,No,Bloc,https://en.wikipedia.org/wiki/Repentigny_(federal_electoral_district),,,,,,,,,,,,,
59027,Richmond Centre—Marpole,Wilson Miao,Chak Au,Martin Li,Michael Sisler,N/A,Wilson Miao,Yes,Liberal,https://en.wikipedia.org/wiki/Richmond_Centre%E2%80%94Marpole,,,,,,,,,,,,,
59028,Richmond East—Steveston,Parm Bains,Zach Segal,Keefer Pelech,Steven Ji,N/A,Parm Bains,Yes,Liberal,https://en.wikipedia.org/wiki/Richmond_East%E2%80%94Steveston,,,,,,,,,,,,,
35089,Richmond Hill South,Majid Jowhari,Vincent Ho,Ebrahim Astaraki,Alison Lam,N/A,Majid Jowhari,Yes,Liberal,https://en.wikipedia.org/wiki/Richmond_Hill_South,,,,,,,,,,,,,
24061,Richmond—Arthabaska,Alain Saint-Pierre,Eric Lefebvre,Nataël Bureau,N/A,Daniel Lebel,Alain Rayes,No,Independent,https://en.wikipedia.org/wiki/Richmond%E2%80%94Arthabaska,,,,,,,,,,,,,
46007,Riding Mountain,Terry Hayward,Dan Mazier,Andrew Douglas Maxwell,Liz Clayton,N/A,Dan Mazier,Yes,Conservative,https://en.wikipedia.org/wiki/Riding_Mountain_(federal_electoral_district),,,,,,,,,,,,,
24062,Rimouski—La Matapédia,Alexander Reford,Nancy Joannette,Salomé Salvain,N/A,Maxime Blanchette-Joncas,Kristina Michaud/Maxime Blanchette-Joncas,Yes,Bloc,https://en.wikipedia.org/wiki/Rimouski%E2%80%94La_Matap%C3%A9dia,,,,,,,,,,,,,
24063,Rivière-des-Mille-Îles,Linda Lapointe,Elia Lopez,Joseph Hakizimana,Alec Ware,Luc Desilets,Luc Desilets,Yes,Bloc,https://en.wikipedia.org/wiki/Rivi%C3%A8re-des-Mille-%C3%8Eles_(electoral_district),,,,,,,,,,,,,
24064,Rivière-du-Nord,Mary-Helen Walton,Patricia Morrissette,Christel Marchand,N/A,Rhéal Fortin,Rhéal Fortin,Yes,Bloc,https://en.wikipedia.org/wiki/Rivi%C3%A8re-du-Nord_(electoral_district),,,,,,,,,,,,,
24065,Rosemont—La Petite-Patrie,Jean-Sébastien Vallée,Laetitia Tchatat,Alexandre Boulerice,Benoît Morham,Olivier Gignac,Alexandre Boulerice,Yes,NDP,https://en.wikipedia.org/wiki/Rosemont%E2%80%94La_Petite-Patrie_(federal_electoral_district),,,,,,,,,,,,,
59029,Saanich—Gulf Islands,David Beckham,Cathie Ounsted,Colin Plant,Elizabeth May,N/A,Elizabeth May,Yes,Green,https://en.wikipedia.org/wiki/Saanich%E2%80%94Gulf_Islands,,,,,,,,,,,,,
12009,Sackville—Bedford—Preston,Braedon Clark,Dave Carroll,Isaac Wilson,Andre Anderson,N/A,Darrell Samson,No,Liberal,https://en.wikipedia.org/wiki/Sackville%E2%80%94Bedford%E2%80%94Preston,,,,,,,,,,,,,
13008,Saint John—Kennebecasis,Wayne Long,Melissa Young,Armand Cormier,David MacFarquhar,N/A,Wayne Long,Yes,Liberal,https://en.wikipedia.org/wiki/Saint_John%E2%80%94Kennebecasis,,,,,,,,,,,,,
13009,Saint John—St. Croix,Karen Ludwig,John Williamson,Andrew Hill,Gerald Irish,N/A,John Williamson,Yes,Conservative,https://en.wikipedia.org/wiki/Saint_John%E2%80%94St._Croix,,,,,,,,,,,,,
24066,Saint-Hyacinthe—Bagot—Acton,Mélanie Bédard,Gaëtan Deschênes,Raymonde Plamondon,N/A,Simon-Pierre Savard-Tremblay,Simon-Pierre Savard-Tremblay,Yes,Bloc,https://en.wikipedia.org/wiki/Saint-Hyacinthe%E2%80%94Bagot%E2%80%94Acton,,,,,,,,,,,,,
24067,Saint-Jean,Patrick Agbokou,Marie Louis-Seize,Danielle Dubuc,Vincent Piette,Christine Normandin,Christine Normandin,Yes,Bloc,https://en.wikipedia.org/wiki/Saint-Jean_(federal_electoral_district),,,,,,,,,,,,,
24068,Saint-Laurent,Emmanuella Lambropoulos,Richard Serour,Ryan Byrne,Richard Chambers,Marielle Gendron,Emmanuella Lambropoulos,Yes,Liberal,https://en.wikipedia.org/wiki/Saint-Laurent_(federal_electoral_district),,,,,,,,,,,,,
24069,Saint-Léonard—Saint-Michel,Patricia Lattanzio,Panagiota Koroneos,Marwan El Attar,N/A,Laurie Lelacheur,Patricia Lattanzio,Yes,Liberal,https://en.wikipedia.org/wiki/Saint-L%C3%A9onard%E2%80%94Saint-Michel,,,,,,,,,,,,,
24070,Saint-Maurice—Champlain,François-Philippe Champagne,Pierre-Augustin Allard,Nathalie Garceau,Marie-Claude Gaudet,Thierry Bilodeau,François-Philippe Champagne,Yes,Liberal,https://en.wikipedia.org/wiki/Saint-Maurice%E2%80%94Champlain,,,,,,,,,,,,,
35090,Sarnia—Lambton—Bkejwanong,George Vandenberg,Marilyn Gladu,Lo-Anne Chan,Jarren Jones,N/A,Marilyn Gladu,Yes,Conservative,https://en.wikipedia.org/wiki/Sarnia%E2%80%94Lambton%E2%80%94Bkejwanong,,,,,,,,,,,,,
47009,Saskatoon South,Rokhan Sarwar,Kevin Waugh,Jacob Gadzella,Hamish Graham,N/A,Kevin Waugh,Yes,Conservative,https://en.wikipedia.org/wiki/Saskatoon_South,,,,,,,,,,,,,
47011,Saskatoon West,Chad Eggerman,Brad Redekopp,Rachel Loewen Walker,Naomi Hunter,N/A,Brad Redekopp,Yes,Conservative,https://en.wikipedia.org/wiki/Saskatoon_West,,,,,,,,,,,,,
47010,Saskatoon—University,Greg Poelzer,Corey Tochor,Melissa McGillivray,Isaiah Hunter,N/A,Corey Tochor,Yes,Conservative,https://en.wikipedia.org/wiki/Saskatoon%E2%80%94University,,,,,,,,,,,,,
35091,Sault Ste. Marie—Algoma,Terry Sheehan,Hugh Stevenson,Laura Mayer,Robyn Kiki Eshkibok,N/A,Terry Sheehan/Carol Hughes,Yes,Liberal/NDP,https://en.wikipedia.org/wiki/Sault_Ste._Marie%E2%80%94Algoma,,,,,,,,,,,,,
35093,Scarborough Centre—Don Valley East,Salma Zahid,Belent Mathew,Alyson Koa,Randy Bucao,N/A,Michael Coteau/Salma Zahid,Yes,Liberal,https://en.wikipedia.org/wiki/Scarborough_Centre%E2%80%94Don_Valley_East,,,,,,,,,,,,,
35095,Scarborough North,Shaun Chen,Gurmit Sandhu,Karishma Manji,Muhammad Raja,N/A,Shaun Chen,Yes,Liberal,https://en.wikipedia.org/wiki/Scarborough_North_(federal_electoral_district),,,,,,,,,,,,,
35096,Scarborough Southwest,Bill Blair,Asm Tarun,Fatima Shaban,Amanda Cain,N/A,Bill Blair,Yes,Liberal,https://en.wikipedia.org/wiki/Scarborough_Southwest_(federal_electoral_district),,,,,,,,,,,,,
35092,Scarborough—Agincourt,Jean Yip,Aris Movsessian,Dan Lovell,Jessie Edwards,N/A,Jean Yip,Yes,Liberal,https://en.wikipedia.org/wiki/Scarborough%E2%80%94Agincourt_(federal_electoral_district),,,,,,,,,,,,,
35094,Scarborough—Guildwood—Rouge Park,Gary Anandasangaree,Suchita Jalan,Kingsley Kwok,Troy Rife,N/A,Gary Anandasangaree,Yes,Liberal,https://en.wikipedia.org/wiki/Scarborough%E2%80%94Guildwood%E2%80%94Rouge_Park,,,,,,,,,,,,,
35097,Scarborough—Woburn,Michael Coteau,Reddy Muttukuru,George Wedge,Gianne Broughton,N/A,John McKay,No,Liberal,https://en.wikipedia.org/wiki/Scarborough%E2%80%94Woburn,,,,,,,,,,,,,
46009,Selkirk—Interlake—Eastman,Rhonda Nichol,James Bezan,Josef Estabrooks,Wayne James,N/A,James Bezan,Yes,Conservative,https://en.wikipedia.org/wiki/Selkirk%E2%80%94Interlake%E2%80%94Eastman,,,,,,,,,,,,,
24071,Shefford,Felix Dionne,James Seale,Patrick Jasmin,N/A,Andréanne Larouche,Andréanne Larouche,Yes,Bloc,https://en.wikipedia.org/wiki/Shefford_(federal_electoral_district),,,,,,,,,,,,,
24072,Sherbrooke,Élisabeth Brière,Esteban Méndez-Hord,Jean-Pierre Fortier,N/A,Pierre-Étienne Rouillard,Élisabeth Brière,Yes,Liberal,https://en.wikipedia.org/wiki/Sherbrooke_(federal_electoral_district),,,,,,,,,,,,,
48035,Sherwood Park—Fort Saskatchewan,Tanya Holm,Garnett Genuis,Chris Jones,Randall Emmons,N/A,Garnett Genuis,Yes,Conservative,https://en.wikipedia.org/wiki/Sherwood_Park%E2%80%94Fort_Saskatchewan,,,,,,,,,,,,,
35099,Simcoe North,Ryan Rocca,Adam Chambers,Melissa Lloyd,Ray Little,N/A,Adam Chambers,Yes,Conservative,https://en.wikipedia.org/wiki/Simcoe_North_(federal_electoral_district),,,,,,,,,,,,,
35098,Simcoe—Grey,Bren Munro,Terry Dowdall,Jasleen Bains,Allan Kuhn,N/A,Terry Dowdall,Yes,Conservative,https://en.wikipedia.org/wiki/Simcoe%E2%80%94Grey_(federal_electoral_district),,,,,,,,,,,,,
59030,Similkameen—South Okanagan—West Kootenay,Gloria Morgan,Helena Konanz,Linda Sankey,Philip Mansfield,N/A,Richard Cannings,No,NDP,https://en.wikipedia.org/wiki/Similkameen%E2%80%94South_Okanagan%E2%80%94West_Kootenay,,,,,,,,,,,,,
59031,Skeena—Bulkley Valley,Inderpal Dhillon,Ellis Ross,Taylor Bachrach,Adeana Young,N/A,Taylor Bachrach,Yes,NDP,https://en.wikipedia.org/wiki/Skeena%E2%80%94Bulkley_Valley,,,,,,,,,,,,,
47012,Souris—Moose Mountain,Aziz Mian,Steven Bonk,Sheena Muirhead Koops,Remi Rheault,N/A,Robert Kitchen,No,Conservative,https://en.wikipedia.org/wiki/Souris%E2%80%94Moose_Mountain,,,,,,,,,,,,,
12010,South Shore—St. Margarets,Jessica Fancy-Landry,Rick Perkins,Mark Embrett,Patrick Shea Boyd,N/A,Rick Perkins,Yes,Conservative,https://en.wikipedia.org/wiki/South_Shore%E2%80%94St._Margarets,,,,,,,,,,,,,
59032,South Surrey—White Rock,Ernie Klassen,Kerry-Lynne Findlay,Jureun Park,Christine Kinnie,N/A,Kerry-Lynne Findlay,Yes,Conservative,https://en.wikipedia.org/wiki/South_Surrey%E2%80%94White_Rock,,,,,,,,,,,,,
35100,Spadina—Harbourfront,Chi Nguyen,Diana Filipova,Norm Di Pasquale,Gordon Rand,N/A,Kevin Vuong,No,Other,https://en.wikipedia.org/wiki/Spadina%E2%80%94Harbourfront,,,,,,,,,,,,,
48036,St. Albert—Sturgeon River,Lucia Stachurski,Michael Cooper,Dorothy Anderson,N/A,N/A,Michael Cooper,Yes,Conservative,https://en.wikipedia.org/wiki/St._Albert%E2%80%94Sturgeon_River,,,,,,,,,,,,,
46008,St. Boniface—St. Vital,Ginette Lavack,Shola Agboola,Thomas Linner,Brandon Edwards,N/A,Dan Vandal,No,Liberal,https://en.wikipedia.org/wiki/Saint_Boniface%E2%80%94Saint_Vital,,,,,,,,,,,,,
35101,St. Catharines,Chris Bittle,Bas Sluijmers,Karen Orlandi,Stephen Smith,N/A,Chris Bittle,Yes,Liberal,https://en.wikipedia.org/wiki/St._Catharines_(federal_electoral_district),,,,,,,,,,,,,
10006,St. John's East,Joanne Thompson,David Brazil,Mary Shortall,Otis Crandell,N/A,Joanne Thompson,Yes,Liberal,https://en.wikipedia.org/wiki/St._John%27s_East_(federal_electoral_district),,,,,,,,,,,,,
35102,Stormont—Dundas—Glengarry,Sarah Good,Eric Duncan,Mario Leclerc,Gordon Kubanek,N/A,Eric Duncan,Yes,Conservative,https://en.wikipedia.org/wiki/Stormont%E2%80%94Dundas%E2%80%94South_Glengarry_(federal_electoral_district),,,,,,,,,,,,,
35103,Sudbury,Viviane Lapointe,Ian Symington,Nadia Verrelli,N/A,N/A,Viviane Lapointe,Yes,Liberal,https://en.wikipedia.org/wiki/Sudbury_(federal_electoral_district),,,,,,,,,,,,,
35104,Sudbury East—Manitoulin—Nickel Belt,Marc G. Serré,Jim Belanger,Andréanne Chénier,Himal Hossaini,N/A,Marc G. Serré,Yes,Liberal,https://en.wikipedia.org/wiki/Sudbury_East%E2%80%94Manitoulin%E2%80%94Nickel_Belt,,,,,,,,,,,,,
59033,Surrey Centre,Randeep Sarai,Rajvir Dhillon,Dominic Denofrio,Krishan Khurana,N/A,Randeep Sarai,Yes,Liberal,https://en.wikipedia.org/wiki/Surrey_Centre,,,,,,,,,,,,,
59034,Surrey Newton,Sukh Dhaliwal,Harjit Singh Gill,Raj Singh Toor,N/A,N/A,Sukh Dhaliwal,Yes,Liberal,https://en.wikipedia.org/wiki/Surrey%E2%80%94Newton_(federal_electoral_district),,,,,,,,,,,,,
47013,Swift Current—Grasslands—Kindersley,William Caton,Jeremy Patzer,Alex McPhee,North Hunter,N/A,Jeremy Patzer,Yes,Conservative,https://en.wikipedia.org/wiki/Swift_Current%E2%80%94Grasslands%E2%80%94Kindersley,,,,,,,,,,,,,
12011,Sydney—Glace Bay,Mike Kelloway,Anna Manley,Kimberly Losier,N/A,N/A,Jaime Battiste,No,Liberal,https://en.wikipedia.org/wiki/Sydney%E2%80%94Glace_Bay,,,,,,,,,,,,,
35105,Taiaiako'n—Parkdale—High Park,Karim Bardeesy,Wladyslaw Lizon,Bhutila Karpoche,Anna Gorka,N/A,Arif Virani,No,Liberal,https://en.wikipedia.org/wiki/Taiaiako%27n%E2%80%94Parkdale%E2%80%94High_Park,,,,,,,,,,,,,
10007,Terra Nova—The Peninsulas,Anthony Germain,Jonathan Rowe,Liam Ryan,N/A,N/A,Churence Rogers,No,Liberal,https://en.wikipedia.org/wiki/Terra_Nova%E2%80%94The_Peninsulas,,,,,,,,,,,,,
24073,Terrebonne,Tatiana Auguste,Adrienne Charles,Maxime Beaudoin,Benjamin Rankin,Nathalie Sinclair-Desgagné,Nathalie Sinclair-Desgagné,Yes,Bloc,https://en.wikipedia.org/wiki/Terrebonne_(federal_electoral_district),,,,,,,,,,,,,
24074,Thérèse-De Blainville,Madeleine Chenette,Julie Bergeron,Michel Lacroix,N/A,Marie-Noelle Closson-Duquette,Louise Chabot,No,Bloc,https://en.wikipedia.org/wiki/Th%C3%A9r%C3%A8se-De_Blainville,,,,,,,,,,,,,
35106,Thornhill,Liane Kotler,Melissa Lantsman,William McCarty,Dominic Piotrowski,N/A,Melissa Lantsman,Yes,Conservative,https://en.wikipedia.org/wiki/Thornhill_(federal_electoral_district),,,,,,,,,,,,,
35107,Thunder Bay—Rainy River,Marcus Powlowski,Brendan Hyatt,Yuk-Sem Won,Eric Arner,N/A,Marcus Powlowski,Yes,Liberal,https://en.wikipedia.org/wiki/Thunder_Bay%E2%80%94Rainy_River,,,,,,,,,,,,,
35108,Thunder Bay—Superior North,Patty Hajdu,Bob Herman,Joy Wakefield,John Malcolm Northey,N/A,Patty Hajdu,Yes,Liberal,https://en.wikipedia.org/wiki/Thunder_Bay%E2%80%94Superior_North_(federal_electoral_district),,,,,,,,,,,,,
13010,Tobique—Mactaquac,Julian Moulton,Richard Bragdon,Michael John Winter,Liam MacDougall,N/A,Richard Bragdon,Yes,Conservative,https://en.wikipedia.org/wiki/Tobique%E2%80%94Mactaquac,,,,,,,,,,,,,
35109,Toronto Centre,Evan Solomon,Luis Ibarra,Samantha Green,Olivia Iheme,N/A,Marci Ien,No,Liberal,https://en.wikipedia.org/wiki/Toronto_Centre_(federal_electoral_district),,,,,,,,,,,,,
35110,Toronto—Danforth,Julie Dabrusin,Ashik Hussain,Clare Hacksel,Silvia Stardust,N/A,Julie Dabrusin,Yes,Liberal,https://en.wikipedia.org/wiki/Toronto%E2%80%94Danforth_(federal_electoral_district),,,,,,,,,,,,,
35111,Toronto—St. Paul's,Leslie Church,Don Stewart,Bruce Levy,Shane Philips,N/A,Don Stewart,Yes,Conservative,https://en.wikipedia.org/wiki/Toronto%E2%80%94St._Paul%27s_(federal_electoral_district),,,,,,,,,,,,,
24075,Trois-Rivières,Caroline Desrochers,Yves Levesque,Matthew Sévigny,David Turcotte,René Villemure,René Villemure,Yes,Bloc,https://en.wikipedia.org/wiki/Trois-Rivi%C3%A8res_(federal_electoral_district),,,,,,,,,,,,,
35112,University—Rosedale,Chrystia Freeland,Liz Grade,Serena Purdy,Ignacio Mongrell,N/A,Chrystia Freeland,Yes,Liberal,https://en.wikipedia.org/wiki/University%E2%80%94Rosedale_(federal_electoral_district),,,,,,,,,,,,,
59035,Vancouver Centre,Hedy Fry,Elaine Allan,Avi Lewis,Scott MacDonald,N/A,Hedy Fry,Yes,Liberal,https://en.wikipedia.org/wiki/Vancouver_Centre_(federal_electoral_district),,,,,,,,,,,,,
59036,Vancouver East,Mark Wiens,Lita Cabal,Jenny Kwan,Nikida Steel,N/A,Jenny Kwan,Yes,NDP,https://en.wikipedia.org/wiki/Vancouver_East_(federal_electoral_district),,,,,,,,,,,,,
59037,Vancouver Fraserview—South Burnaby,Gregor Robertson,Avi Nayyar,Manoj Bhangu,Alexander Dow,N/A,Harjit Sajjan,No,Liberal,https://en.wikipedia.org/wiki/Vancouver_Fraserview%E2%80%94South_Burnaby,,,,,,,,,,,,,
59038,Vancouver Granville,Taleeb Noormohamed,Marie Rogers,Sukhi Singh Sahota,Jerry Kroll,N/A,Taleeb Noormohamed,Yes,Liberal,https://en.wikipedia.org/wiki/Vancouver_Granville,,,,,,,,,,,,,
59039,Vancouver Kingsway,Amy K. Gill,Ravinder Bhatia,Don Davies,Imtiaz Popat,N/A,Don Davies,Yes,NDP,https://en.wikipedia.org/wiki/Vancouver_Kingsway,,,,,,,,,,,,,
59040,Vancouver Quadra,Wade Grant,Ken Charko,Alim Fakirani,Tom Digby,N/A,Joyce Murray,No,Liberal,https://en.wikipedia.org/wiki/Vancouver_Quadra,,,,,,,,,,,,,
24076,Vaudreuil,Peter Schiefke,Thomas Barré,Kalden Dhatsenpa,N/A,Christopher Massé,Peter Schiefke,Yes,Liberal,https://en.wikipedia.org/wiki/Vaudreuil_(federal_electoral_district),,,,,,,,,,,,,
35113,Vaughan—Woodbridge,Francesco Sorbara,Michael Guglielmin,Ali Bahman,Tim Grant,N/A,Francesco Sorbara,Yes,Liberal,https://en.wikipedia.org/wiki/Vaughan%E2%80%94Woodbridge_(federal_electoral_district),,,,,,,,,,,,,
59041,Vernon—Lake Country—Monashee,Anna Warwick Sears,Scott Anderson,Leah Ellen Main,Blair Visscher,N/A,N/A,No,N/A,https://en.wikipedia.org/wiki/Vernon%E2%80%94Lake_Country%E2%80%94Monashee,,,,,,,,,,,,,
59042,Victoria,Will Greaves,Angus Ross,Laurel Collins,Michael Doherty,N/A,Laurel Collins,Yes,NDP,https://en.wikipedia.org/wiki/Victoria_(British_Columbia_federal_electoral_district),,,,,,,,,,,,,
24077,Ville-Marie—Le Sud-Ouest—Île-des-Sœurs,Marc Miller,Steve Shanahan,Suzanne Dufresne,Nathe Perrone,Kevin Majaducon,Marc Miller,Yes,Liberal,https://en.wikipedia.org/wiki/Ville-Marie%E2%80%94Le_Sud-Ouest%E2%80%94%C3%8Ele-des-Soeurs,,,,,,,,,,,,,
24078,Vimy,Annie Koutrakis,Grace Daou,Cindy Mercer,N/A,Alicia Parenteau-Malakhanian,Annie Koutrakis,Yes,Liberal,https://en.wikipedia.org/wiki/Vimy_(electoral_district),,,,,,,,,,,,,
35114,Waterloo,Bardish Chagger,Waseem Botros,Hélène Chow,Simon Guthrie,N/A,Bardish Chagger,Yes,Liberal,https://en.wikipedia.org/wiki/Waterloo_(federal_electoral_district),,,,,,,,,,,,,
35115,Wellington—Halton Hills North,Sean Carscadden,Michael Chong,Andrew Bascombe,Liam Stiles,N/A,Michael Chong,Yes,Conservative,https://en.wikipedia.org/wiki/Wellington%E2%80%94Halton_Hills_North,,,,,,,,,,,,,
59043,West Vancouver—Sunshine Coast—Sea to Sky Country,Patrick Weiler,Keith Roy,Jäger M. Rosenberg,Lauren Greenlaw,N/A,Patrick Weiler,Yes,Liberal,https://en.wikipedia.org/wiki/West_Vancouver%E2%80%94Sunshine_Coast%E2%80%94Sea_to_Sky_Country,,,,,,,,,,,,,
35116,Whitby,Ryan Turnbull,Steve Yamada,Kevin Goswell,Andrew Di Lullo,N/A,Ryan Turnbull,Yes,Liberal,https://en.wikipedia.org/wiki/Whitby_(federal_electoral_district),,,,,,,,,,,,,
35117,Willowdale,Ali Ehsassi,James Lin,Christy Kheirallah,Amberley Henry,N/A,Ali Ehassi,No,Liberal,https://en.wikipedia.org/wiki/Willowdale_(federal_electoral_district),,,,,,,,,,,,,
35119,Windsor West,Richard Pollock,Harb Gill,Brian Masse,Louay Ahmad,N/A,Brian Masse,Yes,NDP,https://en.wikipedia.org/wiki/Windsor_West_(federal_electoral_district),,,,,,,,,,,,,
35118,Windsor—Tecumseh—Lakeshore,Irek Kusmierczyk,Kathy Borrelli,Alex Ilijoski,Roxanne Tellier,N/A,Irek Kusmierczyk,Yes,Liberal,https://en.wikipedia.org/wiki/Windsor%E2%80%94Tecumseh%E2%80%94Lakeshore,,,,,,,,,,,,,
46010,Winnipeg Centre,Rahul Walia,Tom Bambrick,Leah Gazan,Gary Gervais,N/A,Leah Gazan,Yes,NDP,https://en.wikipedia.org/wiki/Winnipeg_Centre,,,,,,,,,,,,,
46011,Winnipeg North,Kevin Lamoureux,Rachel Punzalan,Adebayo Akinrogunde,Angela Brydges,N/A,Kevin Lamoureux,Yes,Liberal,https://en.wikipedia.org/wiki/Winnipeg_North,,,,,,,,,,,,,
46012,Winnipeg South,Terry Duguid,Janice Morley-Lecomte,Joanne Bjornson,Manjit Kaur,N/A,Terry Duguid,Yes,Liberal,https://en.wikipedia.org/wiki/Winnipeg_South,,,,,,,,,,,,,
46013,Winnipeg South Centre,Ben Carr,Royden Brousseau,Jorge Requena Ramos,Chris Petriew,N/A,Ben Carr,Yes,Liberal,https://en.wikipedia.org/wiki/Winnipeg_South_Centre,,,,,,,,,,,,,
46014,Winnipeg West,Doug Eyolfson,Marty Morantz,Avery Selby-Lyons,Dennis Bayomi,N/A,Marty Morantz,Yes,Conservative,https://en.wikipedia.org/wiki/Winnipeg_West_(federal_electoral_district),,,,,,,,,,,,,
48037,Yellowhead,Michael Fark,William Stevenson,Avni Soma,N/A,N/A,Gerald Soroka,No,Conservative,https://en.wikipedia.org/wiki/Yellowhead_(electoral_district),,,,,,,,,,,,,
35120,York Centre,Ya'ara Saks,Roman Baber,Yusuf Ulukanligil,Chris Madsen,N/A,Ya’ara Saks,No,Liberal,https://en.wikipedia.org/wiki/York_Centre_(federal_electoral_district),,,,,,,,,,,,,
35122,York South—Weston—Etobicoke,Ahmed Hussen,Nicolas Pham,Louise James,Adria Waram,N/A,Ahmed Hussen,Yes,Liberal,https://en.wikipedia.org/wiki/York_South%E2%80%94Weston%E2%80%94Etobicoke,,,,,,,,,,,,,
35121,York—Durham,Robert Grossi,Jacob Mantle,Justin Graham,Matt Pearce,N/A,N/A,No,N/A,https://en.wikipedia.org/wiki/York%E2%80%94Durham,,,,,,,,,,,,,
47014,Yorkton—Melville,Luke Guimond,Cathay Wagantall,Michaela Krakowetz,Valerie Brooks,N/A,Cathay Wagantall,Yes,Conservative,https://en.wikipedia.org/wiki/Yorkton%E2%80%94Melville,,,,,,,,,,,,,
60001,Yukon,Brendan Hanley,Ryan Leef,Katherine McCallum,Gabrielle Dupont,N/A,Brendan Hanley,Yes,Liberal,https://en.wikipedia.org/wiki/Yukon_(electoral_district),,,,,,,,,,,,,
,,,,,,,,,,,,,,,,,,,,,,,
,,,,,,,,,,,,,,,,,,,,,,,
,,,,,,,,,,,,,,,,,,,,,,,
,,,,,,,,,,,,,,,,,,,,,,,
,,,,,,,,,,,,,,,,,,,,,,,
,,,,,,,,,,,,,,,,,,,,,,,
,,,,,,,,,,,,,,,,,,,,,,,
,,,,,,,,,,,,,,,,,,,,,,,
,,,,,,,,,,,,,,,,,,,,,,,
,,,,,,,,,,,,,,,,,,,,,,,
,,,,,,,,,,,,,,,,,,,,,,,
,,,,,,,,,,,,,,,,,,,,,,,
,,,,,,,,,,,,,,,,,,,,,,,
,,,,,,,,,,,,,,,,,,,,,,,
,,,,,,,,,,,,,,,,,,,,,,,
,,,,,,,,,,,,,,,,,,,,,,,
,,,,,,,,,,,,,,,,,,,,,,,
,,,,,,,,,,,,,,,,,,,,,,,
,,,,,,,,,,,,,,,,,,,,,,,
,,,,,,,,,,,,,,,,,,,,,,,
,,,,,,,,,,,,,,,,,,,,,,,
,,,,,,,,,,,,,,,,,,,,,,,
,,,,,,,,,,,,,,,,,,,,,,,
,,,,,,,,,,,,,,,,,,,,,,,
,,,,,,,,,,,,,,,,,,,,,,,
,,,,,,,,,,,,,,,,,,,,,,,
,,,,,,,,,,,,,,,,,,,,,,,
,,,,,,,,,,,,,,,,,,,,,,,
,,,,,,,,,,,,,,,,,,,,,,,
,,,,,,,,,,,,,,,,,,,,,,,
,,,,,,,,,,,,,,,,,,,,,,,
,,,,,,,,,,,,,,,,,,,,,,,
,,,,,,,,,,,,,,,,,,,,,,,
,,,,,,,,,,,,,,,,,,,,,,,
,,,,,,,,,,,,,,,,,,,,,,,
,,,,,,,,,,,,,,,,,,,,,,,
,,,,,,,,,,,,,,,,,,,,,,,
,,,,,,,,,,,,,,,,,,,,,,,
,,,,,,,,,,,,,,,,,,,,,,,
,,,,,,,,,,,,,,,,,,,,,,,
,,,,,,,,,,,,,,,,,,,,,,,
,,,,,,,,,,,,,,,,,,,,,,,
,,,,,,,,,,,,,,,,,,,,,,,
,,,,,,,,,,,,,,,,,,,,,,,
,,,,,,,,,,,,,,,,,,,,,,,
,,,,,,,,,,,,,,,,,,,,,,,
,,,,,,,,,,,,,,,,,,,,,,,
,,,,,,,,,,,,,,,,,,,,,,,
,,,,,,,,,,,,,,,,,,,,,,,
,,,,,,,,,,,,,,,,,,,,,,,
,,,,,,,,,,,,,,,,,,,,,,,
,,,,,,,,,,,,,,,,,,,,,,,
,,,,,,,,,,,,,,,,,,,,,,,
,,,,,,,,,,,,,,,,,,,,,,,
,,,,,,,,,,,,,,,,,,,,,,,
,,,,,,,,,,,,,,,,,,,,,,,
,,,,,,,,,,,,,,,,,,,,,,,
,,,,,,,,,,,,,,,,,,,,,,,
,,,,,,,,,,,,,,,,,,,,,,,
,,,,,,,,,,,,,,,,,,,,,,,
,,,,,,,,,,,,,,,,,,,,,,,
,,,,,,,,,,,,,,,,,,,,,,,
,,,,,,,,,,,,,,,,,,,,,,,
,,,,,,,,,,,,,,,,,,,,,,,
,,,,,,,,,,,,,,,,,,,,,,,
,,,,,,,,,,,,,,,,,,,,,,,
,,,,,,,,,,,,,,,,,,,,,,,
,,,,,,,,,,,,,,,,,,,,,,,
,,,,,,,,,,,,,,,,,,,,,,,
,,,,,,,,,,,,,,,,,,,,,,,
,,,,,,,,,,,,,,,,,,,,,,,
,,,,,,,,,,,,,,,,,,,,,,,
,,,,,,,,,,,,,,,,,,,,,,,
,,,,,,,,,,,,,,,,,,,,,,,
,,,,,,,,,,,,,,,,,,,,,,,
,,,,,,,,,,,,,,,,,,,,,,,
,,,,,,,,,,,,,,,,,,,,,,,
,,,,,,,,,,,,,,,,,,,,,,,
,,,,,,,,,,,,,,,,,,,,,,,
,,,,,,,,,,,,,,,,,,,,,,,
,,,,,,,,,,,,,,,,,,,,,,,
,,,,,,,,,,,,,,,,,,,,,,,
,,,,,,,,,,,,,,,,,,,,,,,
,,,,,,,,,,,,,,,,,,,,,,,
,,,,,,,,,,,,,,,,,,,,,,,
,,,,,,,,,,,,,,,,,,,,,,,
,,,,,,,,,,,,,,,,,,,,,,,
,,,,,,,,,,,,,,,,,,,,,,,
,,,,,,,,,,,,,,,,,,,,,,,
,,,,,,,,,,,,,,,,,,,,,,,
,,,,,,,,,,,,,,,,,,,,,,,
,,,,,,,,,,,,,,,,,,,,,,,
,,,,,,,,,,,,,,,,,,,,,,,
,,,,,,,,,,,,,,,,,,,,,,,
,,,,,,,,,,,,,,,,,,,,,,,
,,,,,,,,,,,,,,,,,,,,,,,
,,,,,,,,,,,,,,,,,,,,,,,
,,,,,,,,,,,,,,,,,,,,,,,
,,,,,,,,,,,,,,,,,,,,,,,
,,,,,,,,,,,,,,,,,,,,,,,
,,,,,,,,,,,,,,,,,,,,,,,
,,,,,,,,,,,,,,,,,,,,,,,
,,,,,,,,,,,,,,,,,,,,,,,
,,,,,,,,,,,,,,,,,,,,,,,
,,,,,,,,,,,,,,,,,,,,,,,
,,,,,,,,,,,,,,,,,,,,,,,
,,,,,,,,,,,,,,,,,,,,,,,
,,,,,,,,,,,,,,,,,,,,,,,
,,,,,,,,,,,,,,,,,,,,,,,
,,,,,,,,,,,,,,,,,,,,,,,
,,,,,,,,,,,,,,,,,,,,,,,
,,,,,,,,,,,,,,,,,,,,,,,
,,,,,,,,,,,,,,,,,,,,,,,
,,,,,,,,,,,,,,,,,,,,,,,
,,,,,,,,,,,,,,,,,,,,,,,
,,,,,,,,,,,,,,,,,,,,,,,
,,,,,,,,,,,,,,,,,,,,,,,
,,,,,,,,,,,,,,,,,,,,,,,
,,,,,,,,,,,,,,,,,,,,,,,
,,,,,,,,,,,,,,,,,,,,,,,
,,,,,,,,,,,,,,,,,,,,,,,
,,,,,,,,,,,,,,,,,,,,,,,
,,,,,,,,,,,,,,,,,,,,,,,
,,,,,,,,,,,,,,,,,,,,,,,
,,,,,,,,,,,,,,,,,,,,,,,
,,,,,,,,,,,,,,,,,,,,,,,
,,,,,,,,,,,,,,,,,,,,,,,
,,,,,,,,,,,,,,,,,,,,,,,
,,,,,,,,,,,,,,,,,,,,,,,
,,,,,,,,,,,,,,,,,,,,,,,
,,,,,,,,,,,,,,,,,,,,,,,
,,,,,,,,,,,,,,,,,,,,,,,
,,,,,,,,,,,,,,,,,,,,,,,
,,,,,,,,,,,,,,,,,,,,,,,
,,,,,,,,,,,,,,,,,,,,,,,
,,,,,,,,,,,,,,,,,,,,,,,
,,,,,,,,,,,,,,,,,,,,,,,
,,,,,,,,,,,,,,,,,,,,,,,
,,,,,,,,,,,,,,,,,,,,,,,
,,,,,,,,,,,,,,,,,,,,,,,
,,,,,,,,,,,,,,,,,,,,,,,
,,,,,,,,,,,,,,,,,,,,,,,
,,,,,,,,,,,,,,,,,,,,,,,
,,,,,,,,,,,,,,,,,,,,,,,
,,,,,,,,,,,,,,,,,,,,,,,
,,,,,,,,,,,,,,,,,,,,,,,
,,,,,,,,,,,,,,,,,,,,,,,
,,,,,,,,,,,,,,,,,,,,,,,
,,,,,,,,,,,,,,,,,,,,,,,
,,,,,,,,,,,,,,,,,,,,,,,
,,,,,,,,,,,,,,,,,,,,,,,
,,,,,,,,,,,,,,,,,,,,,,,
,,,,,,,,,,,,,,,,,,,,,,,
,,,,,,,,,,,,,,,,,,,,,,,
,,,,,,,,,,,,,,,,,,,,,,,
,,,,,,,,,,,,,,,,,,,,,,,
,,,,,,,,,,,,,,,,,,,,,,,
,,,,,,,,,,,,,,,,,,,,,,,
,,,,,,,,,,,,,,,,,,,,,,,
,,,,,,,,,,,,,,,,,,,,,,,
,,,,,,,,,,,,,,,,,,,,,,,
,,,,,,,,,,,,,,,,,,,,,,,
,,,,,,,,,,,,,,,,,,,,,,,
,,,,,,,,,,,,,,,,,,,,,,,
,,,,,,,,,,,,,,,,,,,,,,,
,,,,,,,,,,,,,,,,,,,,,,,
,,,,,,,,,,,,,,,,,,,,,,,
,,,,,,,,,,,,,,,,,,,,,,,
,,,,,,,,,,,,,,,,,,,,,,,
,,,,,,,,,,,,,,,,,,,,,,,
,,,,,,,,,,,,,,,,,,,,,,,
,,,,,,,,,,,,,,,,,,,,,,,
,,,,,,,,,,,,,,,,,,,,,,,
,,,,,,,,,,,,,,,,,,,,,,,
,,,,,,,,,,,,,,,,,,,,,,,
,,,,,,,,,,,,,,,,,,,,,,,
,,,,,,,,,,,,,,,,,,,,,,,
,,,,,,,,,,,,,,,,,,,,,,,
,,,,,,,,,,,,,,,,,,,,,,,
,,,,,,,,,,,,,,,,,,,,,,,
,,,,,,,,,,,,,,,,,,,,,,,
,,,,,,,,,,,,,,,,,,,,,,,
,,,,,,,,,,,,,,,,,,,,,,,
,,,,,,,,,,,,,,,,,,,,,,,
,,,,,,,,,,,,,,,,,,,,,,,
,,,,,,,,,,,,,,,,,,,,,,,
,,,,,,,,,,,,,,,,,,,,,,,
,,,,,,,,,,,,,,,,,,,,,,,
,,,,,,,,,,,,,,,,,,,,,,,
,,,,,,,,,,,,,,,,,,,,,,,
,,,,,,,,,,,,,,,,,,,,,,,
,,,,,,,,,,,,,,,,,,,,,,,
,,,,,,,,,,,,,,,,,,,,,,,
,,,,,,,,,,,,,,,,,,,,,,,
,,,,,,,,,,,,,,,,,,,,,,,
,,,,,,,,,,,,,,,,,,,,,,,
,,,,,,,,,,,,,,,,,,,,,,,
,,,,,,,,,,,,,,,,,,,,,,,
,,,,,,,,,,,,,,,,,,,,,,,
,,,,,,,,,,,,,,,,,,,,,,,
,,,,,,,,,,,,,,,,,,,,,,,
,,,,,,,,,,,,,,,,,,,,,,,
,,,,,,,,,,,,,,,,,,,,,,,
,,,,,,,,,,,,,,,,,,,,,,,
,,,,,,,,,,,,,,,,,,,,,,,
,,,,,,,,,,,,,,,,,,,,,,,
,,,,,,,,,,,,,,,,,,,,,,,
,,,,,,,,,,,,,,,,,,,,,,,
,,,,,,,,,,,,,,,,,,,,,,,
,,,,,,,,,,,,,,,,,,,,,,,
,,,,,,,,,,,,,,,,,,,,,,,
,,,,,,,,,,,,,,,,,,,,,,,
,,,,,,,,,,,,,,,,,,,,,,,
,,,,,,,,,,,,,,,,,,,,,,,
,,,,,,,,,,,,,,,,,,,,,,,
,,,,,,,,,,,,,,,,,,,,,,,
,,,,,,,,,,,,,,,,,,,,,,,
,,,,,,,,,,,,,,,,,,,,,,,
,,,,,,,,,,,,,,,,,,,,,,,
,,,,,,,,,,,,,,,,,,,,,,,
,,,,,,,,,,,,,,,,,,,,,,,
,,,,,,,,,,,,,,,,,,,,,,,
,,,,,,,,,,,,,,,,,,,,,,,
,,,,,,,,,,,,,,,,,,,,,,,
,,,,,,,,,,,,,,,,,,,,,,,
,,,,,,,,,,,,,,,,,,,,,,,
,,,,,,,,,,,,,,,,,,,,,,,
,,,,,,,,,,,,,,,,,,,,,,,
,,,,,,,,,,,,,,,,,,,,,,,
,,,,,,,,,,,,,,,,,,,,,,,
,,,,,,,,,,,,,,,,,,,,,,,
,,,,,,,,,,,,,,,,,,,,,,,
,,,,,,,,,,,,,,,,,,,,,,,
,,,,,,,,,,,,,,,,,,,,,,,
,,,,,,,,,,,,,,,,,,,,,,,
,,,,,,,,,,,,,,,,,,,,,,,
,,,,,,,,,,,,,,,,,,,,,,,
,,,,,,,,,,,,,,,,,,,,,,,
,,,,,,,,,,,,,,,,,,,,,,,
,,,,,,,,,,,,,,,,,,,,,,,
,,,,,,,,,,,,,,,,,,,,,,,
,,,,,,,,,,,,,,,,,,,,,,,
,,,,,,,,,,,,,,,,,,,,,,,
,,,,,,,,,,,,,,,,,,,,,,,
,,,,,,,,,,,,,,,,,,,,,,,
,,,,,,,,,,,,,,,,,,,,,,,
,,,,,,,,,,,,,,,,,,,,,,,
,,,,,,,,,,,,,,,,,,,,,,,
,,,,,,,,,,,,,,,,,,,,,,,
,,,,,,,,,,,,,,,,,,,,,,,
,,,,,,,,,,,,,,,,,,,,,,,
,,,,,,,,,,,,,,,,,,,,,,,
,,,,,,,,,,,,,,,,,,,,,,,
,,,,,,,,,,,,,,,,,,,,,,,
,,,,,,,,,,,,,,,,,,,,,,,
,,,,,,,,,,,,,,,,,,,,,,,
,,,,,,,,,,,,,,,,,,,,,,,
,,,,,,,,,,,,,,,,,,,,,,,
,,,,,,,,,,,,,,,,,,,,,,,
,,,,,,,,,,,,,,,,,,,,,,,
,,,,,,,,,,,,,,,,,,,,,,,
,,,,,,,,,,,,,,,,,,,,,,,
,,,,,,,,,,,,,,,,,,,,,,,
,,,,,,,,,,,,,,,,,,,,,,,
,,,,,,,,,,,,,,,,,,,,,,,
,,,,,,,,,,,,,,,,,,,,,,,
,,,,,,,,,,,,,,,,,,,,,,,
,,,,,,,,,,,,,,,,,,,,,,,
,,,,,,,,,,,,,,,,,,,,,,,
,,,,,,,,,,,,,,,,,,,,,,,
,,,,,,,,,,,,,,,,,,,,,,,
,,,,,,,,,,,,,,,,,,,,,,,
,,,,,,,,,,,,,,,,,,,,,,,
,,,,,,,,,,,,,,,,,,,,,,,
,,,,,,,,,,,,,,,,,,,,,,,
,,,,,,,,,,,,,,,,,,,,,,,
,,,,,,,,,,,,,,,,,,,,,,,
,,,,,,,,,,,,,,,,,,,,,,,
,,,,,,,,,,,,,,,,,,,,,,,
,,,,,,,,,,,,,,,,,,,,,,,
,,,,,,,,,,,,,,,,,,,,,,,
,,,,,,,,,,,,,,,,,,,,,,,
,,,,,,,,,,,,,,,,,,,,,,,
,,,,,,,,,,,,,,,,,,,,,,,
,,,,,,,,,,,,,,,,,,,,,,,
,,,,,,,,,,,,,,,,,,,,,,,
,,,,,,,,,,,,,,,,,,,,,,,
,,,,,,,,,,,,,,,,,,,,,,,
,,,,,,,,,,,,,,,,,,,,,,,
,,,,,,,,,,,,,,,,,,,,,,,
,,,,,,,,,,,,,,,,,,,,,,,
,,,,,,,,,,,,,,,,,,,,,,,
,,,,,,,,,,,,,,,,,,,,,,,
,,,,,,,,,,,,,,,,,,,,,,,
,,,,,,,,,,,,,,,,,,,,,,,
,,,,,,,,,,,,,,,,,,,,,,,
,,,,,,,,,,,,,,,,,,,,,,,
,,,,,,,,,,,,,,,,,,,,,,,
,,,,,,,,,,,,,,,,,,,,,,,
,,,,,,,,,,,,,,,,,,,,,,,
,,,,,,,,,,,,,,,,,,,,,,,
,,,,,,,,,,,,,,,,,,,,,,,
,,,,,,,,,,,,,,,,,,,,,,,
,,,,,,,,,,,,,,,,,,,,,,,
,,,,,,,,,,,,,,,,,,,,,,,
,,,,,,,,,,,,,,,,,,,,,,,
,,,,,,,,,,,,,,,,,,,,,,,
,,,,,,,,,,,,,,,,,,,,,,,
,,,,,,,,,,,,,,,,,,,,,,,
,,,,,,,,,,,,,,,,,,,,,,,
,,,,,,,,,,,,,,,,,,,,,,,
,,,,,,,,,,,,,,,,,,,,,,,
,,,,,,,,,,,,,,,,,,,,,,,
,,,,,,,,,,,,,,,,,,,,,,,
,,,,,,,,,,,,,,,,,,,,,,,
,,,,,,,,,,,,,,,,,,,,,,,
,,,,,,,,,,,,,,,,,,,,,,,
,,,,,,,,,,,,,,,,,,,,,,,
,,,,,,,,,,,,,,,,,,,,,,,
,,,,,,,,,,,,,,,,,,,,,,,
,,,,,,,,,,,,,,,,,,,,,,,
,,,,,,,,,,,,,,,,,,,,,,,
,,,,,,,,,,,,,,,,,,,,,,,
,,,,,,,,,,,,,,,,,,,,,,,
,,,,,,,,,,,,,,,,,,,,,,,
,,,,,,,,,,,,,,,,,,,,,,,
,,,,,,,,,,,,,,,,,,,,,,,
,,,,,,,,,,,,,,,,,,,,,,,
,,,,,,,,,,,,,,,,,,,,,,,
,,,,,,,,,,,,,,,,,,,,,,,
,,,,,,,,,,,,,,,,,,,,,,,
,,,,,,,,,,,,,,,,,,,,,,,
,,,,,,,,,,,,,,,,,,,,,,,
,,,,,,,,,,,,,,,,,,,,,,,
,,,,,,,,,,,,,,,,,,,,,,,
,,,,,,,,,,,,,,,,,,,,,,,
,,,,,,,,,,,,,,,,,,,,,,,
,,,,,,,,,,,,,,,,,,,,,,,
,,,,,,,,,,,,,,,,,,,,,,,
,,,,,,,,,,,,,,,,,,,,,,,
,,,,,,,,,,,,,,,,,,,,,,,
,,,,,,,,,,,,,,,,,,,,,,,
,,,,,,,,,,,,,,,,,,,,,,,
,,,,,,,,,,,,,,,,,,,,,,,
,,,,,,,,,,,,,,,,,,,,,,,
,,,,,,,,,,,,,,,,,,,,,,,
,,,,,,,,,,,,,,,,,,,,,,,
,,,,,,,,,,,,,,,,,,,,,,,
,,,,,,,,,,,,,,,,,,,,,,,
,,,,,,,,,,,,,,,,,,,,,,,
,,,,,,,,,,,,,,,,,,,,,,,
,,,,,,,,,,,,,,,,,,,,,,,
,,,,,,,,,,,,,,,,,,,,,,,
,,,,,,,,,,,,,,,,,,,,,,,
,,,,,,,,,,,,,,,,,,,,,,,
,,,,,,,,,,,,,,,,,,,,,,,
,,,,,,,,,,,,,,,,,,,,,,,
,,,,,,,,,,,,,,,,,,,,,,,
,,,,,,,,,,,,,,,,,,,,,,,
,,,,,,,,,,,,,,,,,,,,,,,
,,,,,,,,,,,,,,,,,,,,,,,
,,,,,,,,,,,,,,,,,,,,,,,
,,,,,,,,,,,,,,,,,,,,,,,
,,,,,,,,,,,,,,,,,,,,,,,
,,,,,,,,,,,,,,,,,,,,,,,
,,,,,,,,,,,,,,,,,,,,,,,
,,,,,,,,,,,,,,,,,,,,,,,
,,,,,,,,,,,,,,,,,,,,,,,
,,,,,,,,,,,,,,,,,,,,,,,
,,,,,,,,,,,,,,,,,,,,,,,
,,,,,,,,,,,,,,,,,,,,,,,
,,,,,,,,,,,,,,,,,,,,,,,
,,,,,,,,,,,,,,,,,,,,,,,
,,,,,,,,,,,,,,,,,,,,,,,
,,,,,,,,,,,,,,,,,,,,,,,
,,,,,,,,,,,,,,,,,,,,,,,
,,,,,,,,,,,,,,,,,,,,,,,
,,,,,,,,,,,,,,,,,,,,,,,
,,,,,,,,,,,,,,,,,,,,,,,
,,,,,,,,,,,,,,,,,,,,,,,
,,,,,,,,,,,,,,,,,,,,,,,
,,,,,,,,,,,,,,,,,,,,,,,
,,,,,,,,,,,,,,,,,,,,,,,
,,,,,,,,,,,,,,,,,,,,,,,
,,,,,,,,,,,,,,,,,,,,,,,
,,,,,,,,,,,,,,,,,,,,,,,
,,,,,,,,,,,,,,,,,,,,,,,
,,,,,,,,,,,,,,,,,,,,,,,
,,,,,,,,,,,,,,,,,,,,,,,
,,,,,,,,,,,,,,,,,,,,,,,
,,,,,,,,,,,,,,,,,,,,,,,
,,,,,,,,,,,,,,,,,,,,,,,
,,,,,,,,,,,,,,,,,,,,,,,
,,,,,,,,,,,,,,,,,,,,,,,
,,,,,,,,,,,,,,,,,,,,,,,
,,,,,,,,,,,,,,,,,,,,,,,
,,,,,,,,,,,,,,,,,,,,,,,
,,,,,,,,,,,,,,,,,,,,,,,
,,,,,,,,,,,,,,,,,,,,,,,
,,,,,,,,,,,,,,,,,,,,,,,
,,,,,,,,,,,,,,,,,,,,,,,
,,,,,,,,,,,,,,,,,,,,,,,
,,,,,,,,,,,,,,,,,,,,,,,
,,,,,,,,,,,,,,,,,,,,,,,
,,,,,,,,,,,,,,,,,,,,,,,
,,,,,,,,,,,,,,,,,,,,,,,
,,,,,,,,,,,,,,,,,,,,,,,
,,,,,,,,,,,,,,,,,,,,,,,
,,,,,,,,,,,,,,,,,,,,,,,
,,,,,,,,,,,,,,,,,,,,,,,
,,,,,,,,,,,,,,,,,,,,,,,
,,,,,,,,,,,,,,,,,,,,,,,
,,,,,,,,,,,,,,,,,,,,,,,
,,,,,,,,,,,,,,,,,,,,,,,
,,,,,,,,,,,,,,,,,,,,,,,
,,,,,,,,,,,,,,,,,,,,,,,
,,,,,,,,,,,,,,,,,,,,,,,
,,,,,,,,,,,,,,,,,,,,,,,
,,,,,,,,,,,,,,,,,,,,,,,
,,,,,,,,,,,,,,,,,,,,,,,
,,,,,,,,,,,,,,,,,,,,,,,
,,,,,,,,,,,,,,,,,,,,,,,
,,,,,,,,,,,,,,,,,,,,,,,
,,,,,,,,,,,,,,,,,,,,,,,
,,,,,,,,,,,,,,,,,,,,,,,
,,,,,,,,,,,,,,,,,,,,,,,
,,,,,,,,,,,,,,,,,,,,,,,
,,,,,,,,,,,,,,,,,,,,,,,
,,,,,,,,,,,,,,,,,,,,,,,
,,,,,,,,,,,,,,,,,,,,,,,
,,,,,,,,,,,,,,,,,,,,,,,
,,,,,,,,,,,,,,,,,,,,,,,
,,,,,,,,,,,,,,,,,,,,,,,
,,,,,,,,,,,,,,,,,,,,,,,
,,,,,,,,,,,,,,,,,,,,,,,
,,,,,,,,,,,,,,,,,,,,,,,
,,,,,,,,,,,,,,,,,,,,,,,
,,,,,,,,,,,,,,,,,,,,,,,
,,,,,,,,,,,,,,,,,,,,,,,
,,,,,,,,,,,,,,,,,,,,,,,
,,,,,,,,,,,,,,,,,,,,,,,
,,,,,,,,,,,,,,,,,,,,,,,
,,,,,,,,,,,,,,,,,,,,,,,
,,,,,,,,,,,,,,,,,,,,,,,
,,,,,,,,,,,,,,,,,,,,,,,
,,,,,,,,,,,,,,,,,,,,,,,
,,,,,,,,,,,,,,,,,,,,,,,
,,,,,,,,,,,,,,,,,,,,,,,
,,,,,,,,,,,,,,,,,,,,,,,
,,,,,,,,,,,,,,,,,,,,,,,
,,,,,,,,,,,,,,,,,,,,,,,
,,,,,,,,,,,,,,,,,,,,,,,
,,,,,,,,,,,,,,,,,,,,,,,
,,,,,,,,,,,,,,,,,,,,,,,
,,,,,,,,,,,,,,,,,,,,,,,
,,,,,,,,,,,,,,,,,,,,,,,
,,,,,,,,,,,,,,,,,,,,,,,
,,,,,,,,,,,,,,,,,,,,,,,
,,,,,,,,,,,,,,,,,,,,,,,
,,,,,,,,,,,,,,,,,,,,,,,
,,,,,,,,,,,,,,,,,,,,,,,
,,,,,,,,,,,,,,,,,,,,,,,
,,,,,,,,,,,,,,,,,,,,,,,
,,,,,,,,,,,,,,,,,,,,,,,
,,,,,,,,,,,,,,,,,,,,,,,
,,,,,,,,,,,,,,,,,,,,,,,
,,,,,,,,,,,,,,,,,,,,,,,
,,,,,,,,,,,,,,,,,,,,,,,
,,,,,,,,,,,,,,,,,,,,,,,
,,,,,,,,,,,,,,,,,,,,,,,
,,,,,,,,,,,,,,,,,,,,,,,
,,,,,,,,,,,,,,,,,,,,,,,
,,,,,,,,,,,,,,,,,,,,,,,
,,,,,,,,,,,,,,,,,,,,,,,
,,,,,,,,,,,,,,,,,,,,,,,
,,,,,,,,,,,,,,,,,,,,,,,
,,,,,,,,,,,,,,,,,,,,,,,
,,,,,,,,,,,,,,,,,,,,,,,
,,,,,,,,,,,,,,,,,,,,,,,
,,,,,,,,,,,,,,,,,,,,,,,
,,,,,,,,,,,,,,,,,,,,,,,
,,,,,,,,,,,,,,,,,,,,,,,
,,,,,,,,,,,,,,,,,,,,,,,
,,,,,,,,,,,,,,,,,,,,,,,
,,,,,,,,,,,,,,,,,,,,,,,
,,,,,,,,,,,,,,,,,,,,,,,
,,,,,,,,,,,,,,,,,,,,,,,
,,,,,,,,,,,,,,,,,,,,,,,
,,,,,,,,,,,,,,,,,,,,,,,
,,,,,,,,,,,,,,,,,,,,,,,
,,,,,,,,,,,,,,,,,,,,,,,
,,,,,,,,,,,,,,,,,,,,,,,
,,,,,,,,,,,,,,,,,,,,,,,
,,,,,,,,,,,,,,,,,,,,,,,
,,,,,,,,,,,,,,,,,,,,,,,
,,,,,,,,,,,,,,,,,,,,,,,
,,,,,,,,,,,,,,,,,,,,,,,
,,,,,,,,,,,,,,,,,,,,,,,
,,,,,,,,,,,,,,,,,,,,,,,
,,,,,,,,,,,,,,,,,,,,,,,
,,,,,,,,,,,,,,,,,,,,,,,
,,,,,,,,,,,,,,,,,,,,,,,
,,,,,,,,,,,,,,,,,,,,,,,
,,,,,,,,,,,,,,,,,,,,,,,
,,,,,,,,,,,,,,,,,,,,,,,
,,,,,,,,,,,,,,,,,,,,,,,
,,,,,,,,,,,,,,,,,,,,,,,
,,,,,,,,,,,,,,,,,,,,,,,
,,,,,,,,,,,,,,,,,,,,,,,
,,,,,,,,,,,,,,,,,,,,,,,
,,,,,,,,,,,,,,,,,,,,,,,
,,,,,,,,,,,,,,,,,,,,,,,
,,,,,,,,,,,,,,,,,,,,,,,
,,,,,,,,,,,,,,,,,,,,,,,
,,,,,,,,,,,,,,,,,,,,,,,
,,,,,,,,,,,,,,,,,,,,,,,
,,,,,,,,,,,,,,,,,,,,,,,
,,,,,,,,,,,,,,,,,,,,,,,
,,,,,,,,,,,,,,,,,,,,,,,
,,,,,,,,,,,,,,,,,,,,,,,
,,,,,,,,,,,,,,,,,,,,,,,
,,,,,,,,,,,,,,,,,,,,,,,
,,,,,,,,,,,,,,,,,,,,,,,
,,,,,,,,,,,,,,,,,,,,,,,
,,,,,,,,,,,,,,,,,,,,,,,
,,,,,,,,,,,,,,,,,,,,,,,
,,,,,,,,,,,,,,,,,,,,,,,
,,,,,,,,,,,,,,,,,,,,,,,
,,,,,,,,,,,,,,,,,,,,,,,
,,,,,,,,,,,,,,,,,,,,,,,
,,,,,,,,,,,,,,,,,,,,,,,
,,,,,,,,,,,,,,,,,,,,,,,
,,,,,,,,,,,,,,,,,,,,,,,
,,,,,,,,,,,,,,,,,,,,,,,
,,,,,,,,,,,,,,,,,,,,,,,
,,,,,,,,,,,,,,,,,,,,,,,
,,,,,,,,,,,,,,,,,,,,,,,
,,,,,,,,,,,,,,,,,,,,,,,
,,,,,,,,,,,,,,,,,,,,,,,
,,,,,,,,,,,,,,,,,,,,,,,
,,,,,,,,,,,,,,,,,,,,,,,
,,,,,,,,,,,,,,,,,,,,,,,
,,,,,,,,,,,,,,,,,,,,,,,
,,,,,,,,,,,,,,,,,,,,,,,
,,,,,,,,,,,,,,,,,,,,,,,
,,,,,,,,,,,,,,,,,,,,,,,
,,,,,,,,,,,,,,,,,,,,,,,
,,,,,,,,,,,,,,,,,,,,,,,
,,,,,,,,,,,,,,,,,,,,,,,
,,,,,,,,,,,,,,,,,,,,,,,
,,,,,,,,,,,,,,,,,,,,,,,
,,,,,,,,,,,,,,,,,,,,,,,
,,,,,,,,,,,,,,,,,,,,,,,
,,,,,,,,,,,,,,,,,,,,,,,
,,,,,,,,,,,,,,,,,,,,,,,
,,,,,,,,,,,,,,,,,,,,,,,
,,,,,,,,,,,,,,,,,,,,,,,
,,,,,,,,,,,,,,,,,,,,,,,
,,,,,,,,,,,,,,,,,,,,,,,
,,,,,,,,,,,,,,,,,,,,,,,
,,,,,,,,,,,,,,,,,,,,,,,
,,,,,,,,,,,,,,,,,,,,,,,
,,,,,,,,,,,,,,,,,,,,,,,
,,,,,,,,,,,,,,,,,,,,,,,
,,,,,,,,,,,,,,,,,,,,,,,
,,,,,,,,,,,,,,,,,,,,,,,
,,,,,,,,,,,,,,,,,,,,,,,
,,,,,,,,,,,,,,,,,,,,,,,
,,,,,,,,,,,,,,,,,,,,,,,
,,,,,,,,,,,,,,,,,,,,,,,
,,,,,,,,,,,,,,,,,,,,,,,
,,,,,,,,,,,,,,,,,,,,,,,
,,,,,,,,,,,,,,,,,,,,,,,
,,,,,,,,,,,,,,,,,,,,,,,
,,,,,,,,,,,,,,,,,,,,,,,
,,,,,,,,,,,,,,,,,,,,,,,
,,,,,,,,,,,,,,,,,,,,,,,
,,,,,,,,,,,,,,,,,,,,,,,
,,,,,,,,,,,,,,,,,,,,,,,
,,,,,,,,,,,,,,,,,,,,,,,
,,,,,,,,,,,,,,,,,,,,,,,
,,,,,,,,,,,,,,,,,,,,,,,
,,,,,,,,,,,,,,,,,,,,,,,
,,,,,,,,,,,,,,,,,,,,,,,
,,,,,,,,,,,,,,,,,,,,,,,
,,,,,,,,,,,,,,,,,,,,,,,
,,,,,,,,,,,,,,,,,,,,,,,
,,,,,,,,,,,,,,,,,,,,,,,
,,,,,,,,,,,,,,,,,,,,,,,
,,,,,,,,,,,,,,,,,,,,,,,
,,,,,,,,,,,,,,,,,,,,,,,
,,,,,,,,,,,,,,,,,,,,,,,
,,,,,,,,,,,,,,,,,,,,,,,
,,,,,,,,,,,,,,,,,,,,,,,
,,,,,,,,,,,,,,,,,,,,,,,
,,,,,,,,,,,,,,,,,,,,,,,
,,,,,,,,,,,,,,,,,,,,,,,
,,,,,,,,,,,,,,,,,,,,,,,
,,,,,,,,,,,,,,,,,,,,,,,
,,,,,,,,,,,,,,,,,,,,,,,
,,,,,,,,,,,,,,,,,,,,,,,
,,,,,,,,,,,,,,,,,,,,,,,
,,,,,,,,,,,,,,,,,,,,,,,
,,,,,,,,,,,,,,,,,,,,,,,
,,,,,,,,,,,,,,,,,,,,,,,
,,,,,,,,,,,,,,,,,,,,,,,
,,,,,,,,,,,,,,,,,,,,,,,
,,,,,,,,,,,,,,,,,,,,,,,
,,,,,,,,,,,,,,,,,,,,,,,
,,,,,,,,,,,,,,,,,,,,,,,
,,,,,,,,,,,,,,,,,,,,,,,
,,,,,,,,,,,,,,,,,,,,,,,
,,,,,,,,,,,,,,,,,,,,,,,
,,,,,,,,,,,,,,,,,,,,,,,
,,,,,,,,,,,,,,,,,,,,,,,
,,,,,,,,,,,,,,,,,,,,,,,
,,,,,,,,,,,,,,,,,,,,,,,
,,,,,,,,,,,,,,,,,,,,,,,
,,,,,,,,,,,,,,,,,,,,,,,
,,,,,,,,,,,,,,,,,,,,,,,
,,,,,,,,,,,,,,,,,,,,,,,
,,,,,,,,,,,,,,,,,,,,,,,
,,,,,,,,,,,,,,,,,,,,,,,
,,,,,,,,,,,,,,,,,,,,,,,
,,,,,,,,,,,,,,,,,,,,,,,
,,,,,,,,,,,,,,,,,,,,,,,
,,,,,,,,,,,,,,,,,,,,,,,
,,,,,,,,,,,,,,,,,,,,,,,
,,,,,,,,,,,,,,,,,,,,,,,
,,,,,,,,,,,,,,,,,,,,,,,
,,,,,,,,,,,,,,,,,,,,,,,
,,,,,,,,,,,,,,,,,,,,,,,
,,,,,,,,,,,,,,,,,,,,,,,
,,,,,,,,,,,,,,,,,,,,,,,
,,,,,,,,,,,,,,,,,,,,,,,
,,,,,,,,,,,,,,,,,,,,,,,
,,,,,,,,,,,,,,,,,,,,,,,
,,,,,,,,,,,,,,,,,,,,,,,
,,,,,,,,,,,,,,,,,,,,,,,
,,,,,,,,,,,,,,,,,,,,,,,
,,,,,,,,,,,,,,,,,,,,,,,
,,,,,,,,,,,,,,,,,,,,,,,
,,,,,,,,,,,,,,,,,,,,,,,
,,,,,,,,,,,,,,,,,,,,,,,
,,,,,,,,,,,,,,,,,,,,,,,
,,,,,,,,,,,,,,,,,,,,,,,
,,,,,,,,,,,,,,,,,,,,,,,
,,,,,,,,,,,,,,,,,,,,,,,
,,,,,,,,,,,,,,,,,,,,,,,
,,,,,,,,,,,,,,,,,,,,,,,
,,,,,,,,,,,,,,,,,,,,,,,
,,,,,,,,,,,,,,,,,,,,,,,
,,,,,,,,,,,,,,,,,,,,,,,
,,,,,,,,,,,,,,,,,,,,,,,
,,,,,,,,,,,,,,,,,,,,,,,
,,,,,,,,,,,,,,,,,,,,,,,
